evt: {"changed":["/config/workspace/zellous/.gm/config-source-cache-default/gm.config.json"],"changed_count":1,"event":"config_changed","id":"cfg-implicit_default_repo-35bda26f6f49-1787594570730","new_sha":"35bda26f6f49","old_sha":"","tier":"implicit_default_repo","ts":1787594570732}
evt: {"event":"config_resolved","tier":"implicit_default_repo","ts":1787594570828,"version":1,"why":"gm's own shared default config repo at https://github.com/AnEntrypoint/gm-config (no project or user config.source.json configured)"}
evt: {"event":"config_resolved","tier":"implicit_default_repo","ts":1787594570832,"version":1,"why":"gm's own shared default config repo at https://github.com/AnEntrypoint/gm-config (no project or user config.source.json configured)"}
evt: {"event":"config_resolved","tier":"implicit_default_repo","ts":1787594570837,"version":1,"why":"gm's own shared default config repo at https://github.com/AnEntrypoint/gm-config (no project or user config.source.json configured)"}
evt: {"event":"config_resolved","tier":"implicit_default_repo","ts":1787594570840,"version":1,"why":"gm's own shared default config repo at https://github.com/AnEntrypoint/gm-config (no project or user config.source.json configured)"}
evt: {"dim":384,"event":"embed_generation_recorded","key":"b8b6f24106dd526a","model":"BAAI/bge-small-en-v1.5","scope":".gm/.embed-generation.rssearch_vectors","ts":1787594571459}
evt: {"event":"recall_first_touch_sync","namespaces":["default"],"result":{"converged":false,"report":[{"changed":0,"deferred":0,"failed":0,"namespace":"default","rekeyed":0,"removed_keys":0,"resurrected":0,"retimed":0,"upserted":0}]},"ts":1787594571587}
evt: {"did_sync":false,"event":"recall_vector_phase_timing","namespaces":1,"sync_ms":262,"ts":1787594571587}
evt: {"event":"recall_vector_phase_timing","outcome":"ok","search_ms":2,"ts":1787594571589}
evt: {"did_sync":false,"event":"recall_vector_phase_timing","namespaces":1,"sync_ms":1,"ts":1787594571590}
evt: {"event":"recall_vector_phase_timing","outcome":"ok","search_ms":1,"ts":1787594571591}
evt: {"event":"recall","hit":false,"hit_keys":[],"mode":"kv_query","n_hits":0,"namespace":"default","query":"narrower modes menu buttons dont work","sub":"memory","ts":1787594571591}
evt: {"event":"instruction.served","mutables_pending_count":0,"phase":"SPECIFY","prd_pending_count":0,"ts":1787594571593}
evt: {"event":"dispatch.end","ms":4258,"ts":1787594571593,"verb":"instruction"}
evt: {"event":"config_resolved","sess":"gmzellous824","tier":"implicit_default_repo","ts":1787594595519,"version":1,"why":"gm's own shared default config repo at https://github.com/AnEntrypoint/gm-config (no project or user config.source.json configured)"}
evt: {"event":"config_resolved","sess":"gmzellous824","tier":"implicit_default_repo","ts":1787594595525,"version":1,"why":"gm's own shared default config repo at https://github.com/AnEntrypoint/gm-config (no project or user config.source.json configured)"}
evt: {"event":"config_resolved","sess":"gmzellous824","tier":"implicit_default_repo","ts":1787594595526,"version":1,"why":"gm's own shared default config repo at https://github.com/AnEntrypoint/gm-config (no project or user config.source.json configured)"}
evt: {"event":"config_resolved","sess":"gmzellous824","tier":"implicit_default_repo","ts":1787594595529,"version":1,"why":"gm's own shared default config repo at https://github.com/AnEntrypoint/gm-config (no project or user config.source.json configured)"}
evt: {"event":"codeinsight_rebuild","reason":"digest-absent","sess":"gmzellous824","stored_then_current":"v3:a7c179be92671e53:files=28","ts":1787594595549}
evt: {"dim":384,"event":"embed_generation_recorded","key":"b8b6f24106dd526a","model":"BAAI/bge-small-en-v1.5","scope":".gm/.embed-generation.code_chunks","sess":"gmzellous824","ts":1787594595783}
evt: {"dim":384,"event":"embed_generation_recorded","key":"b8b6f24106dd526a","model":"BAAI/bge-small-en-v1.5","scope":".gm/.embed-generation.memories","sess":"gmzellous824","ts":1787594595783}
evt: {"budget_chunks":2,"chunks_indexed":2,"chunks_total":5,"count_cap":64,"event":"code_index_chunk_cap","path":"scripts/fetch-vendor.js","pessimistic_ms_per_chunk":16000,"remaining_ms":44979,"sess":"gmzellous824","ts":1787594595806}
evt: {"did_sync":false,"event":"recall_vector_phase_timing","namespaces":1,"sess":"gmzellous824","sync_ms":2,"ts":1787594595815}
evt: {"event":"recall_vector_phase_timing","outcome":"ok","search_ms":1,"sess":"gmzellous824","ts":1787594595816}
evt: {"did_sync":false,"event":"recall_vector_phase_timing","namespaces":1,"sess":"gmzellous824","sync_ms":2,"ts":1787594595819}
evt: {"event":"recall_vector_phase_timing","outcome":"ok","search_ms":1,"sess":"gmzellous824","ts":1787594595820}
evt: {"event":"dispatch.end","ms":312,"sess":"gmzellous824","ts":1787594595820,"verb":"recall"}
evt: {"chunks":2,"embed_ms":8269,"event":"code_index_slow_file_embed","path":"scripts/fetch-vendor.js","reused_chunks":0,"sess":"gmzellous824","ts":1787594604076}
evt: {"event":"config_resolved","sess":"gmzellous824","tier":"implicit_default_repo","ts":1787594604080,"version":1,"why":"gm's own shared default config repo at https://github.com/AnEntrypoint/gm-config (no project or user config.source.json configured)"}
evt: {"event":"config_resolved","sess":"gmzellous824","tier":"implicit_default_repo","ts":1787594604082,"version":1,"why":"gm's own shared default config repo at https://github.com/AnEntrypoint/gm-config (no project or user config.source.json configured)"}
evt: {"budget_chunks":2,"chunks_indexed":2,"chunks_total":14,"count_cap":64,"event":"code_index_chunk_cap","path":"test.js","pessimistic_ms_per_chunk":16000,"remaining_ms":36552,"sess":"gmzellous824","ts":1787594604233}
evt: {"chunks":2,"embed_ms":12520,"event":"code_index_slow_file_embed","path":"test.js","reused_chunks":0,"sess":"gmzellous824","ts":1787594616753}
evt: {"event":"config_resolved","sess":"gmzellous824","tier":"implicit_default_repo","ts":1787594616756,"version":1,"why":"gm's own shared default config repo at https://github.com/AnEntrypoint/gm-config (no project or user config.source.json configured)"}
evt: {"event":"config_resolved","sess":"gmzellous824","tier":"implicit_default_repo","ts":1787594616758,"version":1,"why":"gm's own shared default config repo at https://github.com/AnEntrypoint/gm-config (no project or user config.source.json configured)"}
evt: {"budget_chunks":1,"chunks_indexed":1,"chunks_total":30,"count_cap":64,"event":"code_index_chunk_cap","path":"AGENTS.md","pessimistic_ms_per_chunk":16000,"remaining_ms":23664,"sess":"gmzellous824","ts":1787594617121}
evt: {"chunks":1,"embed_ms":6056,"event":"code_index_slow_file_embed","path":"AGENTS.md","reused_chunks":0,"sess":"gmzellous824","ts":1787594623177}
evt: {"event":"config_resolved","sess":"gmzellous824","tier":"implicit_default_repo","ts":1787594623179,"version":1,"why":"gm's own shared default config repo at https://github.com/AnEntrypoint/gm-config (no project or user config.source.json configured)"}
evt: {"event":"config_resolved","sess":"gmzellous824","tier":"implicit_default_repo","ts":1787594623181,"version":1,"why":"gm's own shared default config repo at https://github.com/AnEntrypoint/gm-config (no project or user config.source.json configured)"}
evt: {"budget_chunks":1,"chunks_indexed":1,"chunks_total":218,"count_cap":64,"event":"code_index_chunk_cap","path":"docs/js/wireweave-bridge.js","pessimistic_ms_per_chunk":16000,"remaining_ms":16694,"sess":"gmzellous824","ts":1787594624091}
evt: {"chunks":1,"embed_ms":6046,"event":"code_index_slow_file_embed","path":"docs/js/wireweave-bridge.js","reused_chunks":0,"sess":"gmzellous824","ts":1787594630137}
evt: {"event":"config_resolved","sess":"gmzellous824","tier":"implicit_default_repo","ts":1787594630140,"version":1,"why":"gm's own shared default config repo at https://github.com/AnEntrypoint/gm-config (no project or user config.source.json configured)"}
evt: {"event":"config_resolved","sess":"gmzellous824","tier":"implicit_default_repo","ts":1787594630142,"version":1,"why":"gm's own shared default config repo at https://github.com/AnEntrypoint/gm-config (no project or user config.source.json configured)"}
evt: {"budget_chunks":1,"chunks_indexed":1,"chunks_total":44,"count_cap":64,"event":"code_index_chunk_cap","path":"docs/js/queue.js","pessimistic_ms_per_chunk":16000,"remaining_ms":10509,"sess":"gmzellous824","ts":1787594630276}
evt: {"chunks":1,"embed_ms":5984,"event":"code_index_slow_file_embed","path":"docs/js/queue.js","reused_chunks":0,"sess":"gmzellous824","ts":1787594636260}
evt: {"event":"config_resolved","sess":"gmzellous824","tier":"implicit_default_repo","ts":1787594636263,"version":1,"why":"gm's own shared default config repo at https://github.com/AnEntrypoint/gm-config (no project or user config.source.json configured)"}
evt: {"event":"config_resolved","sess":"gmzellous824","tier":"implicit_default_repo","ts":1787594636265,"version":1,"why":"gm's own shared default config repo at https://github.com/AnEntrypoint/gm-config (no project or user config.source.json configured)"}
evt: {"budget_chunks":1,"chunks_indexed":1,"chunks_total":2,"count_cap":64,"event":"code_index_chunk_cap","path":"docs/js/nostr-channels-ui.js","pessimistic_ms_per_chunk":16000,"remaining_ms":4243,"sess":"gmzellous824","ts":1787594636542}
evt: {"budget_chunks":1,"chunks_indexed":1,"chunks_total":9,"count_cap":64,"event":"code_index_chunk_cap","path":"docs/js/ui-shell.js","pessimistic_ms_per_chunk":16000,"remaining_ms":3150,"sess":"gmzellous824","ts":1787594637635}
evt: {"budget_chunks":1,"chunks_indexed":1,"chunks_total":17,"count_cap":64,"event":"code_index_chunk_cap","path":"docs/js/moderation.js","pessimistic_ms_per_chunk":16000,"remaining_ms":2519,"sess":"gmzellous824","ts":1787594638266}
evt: {"budget_chunks":1,"chunks_indexed":1,"chunks_total":13,"count_cap":64,"event":"code_index_chunk_cap","path":"docs/js/sdk-command-palette.js","pessimistic_ms_per_chunk":16000,"remaining_ms":1927,"sess":"gmzellous824","ts":1787594638858}
evt: {"chunks":1,"embed_ms":6163,"event":"code_index_slow_file_embed","path":"docs/js/sdk-command-palette.js","reused_chunks":0,"sess":"gmzellous824","ts":1787594645021}
evt: {"event":"config_resolved","sess":"gmzellous824","tier":"implicit_default_repo","ts":1787594645024,"version":1,"why":"gm's own shared default config repo at https://github.com/AnEntrypoint/gm-config (no project or user config.source.json configured)"}
evt: {"event":"config_resolved","sess":"gmzellous824","tier":"implicit_default_repo","ts":1787594645026,"version":1,"why":"gm's own shared default config repo at https://github.com/AnEntrypoint/gm-config (no project or user config.source.json configured)"}
evt: {"event":"code_index_commit_overview_skipped","path":"docs/js/sdk-command-palette.js","reason":"wall budget already exhausted; the git subprocess is enrichment and is deferred to the next pass","sess":"gmzellous824","ts":1787594645089}
evt: {"deferred_files":14,"embedded":12,"event":"codeinsight_index_partial","files_indexed":14,"sess":"gmzellous824","ts":1787594645091}
evt: {"dim":384,"event":"embed_generation_recorded","key":"b8b6f24106dd526a","model":"BAAI/bge-small-en-v1.5","scope":".gm/.embed-generation.rssearch_vectors","sess":"gmzellous824","ts":1787594645385}
evt: {"did_sync":false,"event":"recall_vector_phase_timing","namespaces":1,"sess":"gmzellous824","sync_ms":0,"ts":1787594645385}
evt: {"event":"recall_vector_phase_timing","outcome":"ok","search_ms":1,"sess":"gmzellous824","ts":1787594645386}
evt: {"did_sync":false,"event":"recall_vector_phase_timing","namespaces":1,"sess":"gmzellous824","sync_ms":0,"ts":1787594645386}
evt: {"event":"recall_vector_phase_timing","outcome":"ok","search_ms":1,"sess":"gmzellous824","ts":1787594645387}
evt: {"dim":384,"event":"embed_generation_recorded","key":"b8b6f24106dd526a","model":"BAAI/bge-small-en-v1.5","scope":".gm/.embed-generation.code_chunks","sess":"gmzellous824","ts":1787594645392}
evt: {"dim":384,"event":"embed_generation_recorded","key":"b8b6f24106dd526a","model":"BAAI/bge-small-en-v1.5","scope":".gm/.embed-generation.memories","sess":"gmzellous824","ts":1787594645392}
evt: {"dim":384,"event":"embed_generation_recorded","key":"b8b6f24106dd526a","model":"BAAI/bge-small-en-v1.5","scope":".gm/.embed-generation.git_commit_vectors","sess":"gmzellous824","ts":1787594645547}
evt: {"deferred":481,"embedded":8,"event":"git_commit_vectors_synced","sess":"gmzellous824","skipped":0,"ts":1787594694169,"window":489}
evt: {"event":"config_resolved","sess":"gmzellous824","tier":"implicit_default_repo","ts":1787594694172,"version":1,"why":"gm's own shared default config repo at https://github.com/AnEntrypoint/gm-config (no project or user config.source.json configured)"}
evt: {"event":"config_resolved","sess":"gmzellous824","tier":"implicit_default_repo","ts":1787594694175,"version":1,"why":"gm's own shared default config repo at https://github.com/AnEntrypoint/gm-config (no project or user config.source.json configured)"}
evt: {"event":"dispatch.end","ms":98672,"sess":"gmzellous824","ts":1787594694180,"verb":"codesearch"}
evt: {"event":"config_resolved","sess":"gmzellous824","tier":"implicit_default_repo","ts":1787594703746,"version":1,"why":"gm's own shared default config repo at https://github.com/AnEntrypoint/gm-config (no project or user config.source.json configured)"}
evt: {"event":"config_resolved","sess":"gmzellous824","tier":"implicit_default_repo","ts":1787594703749,"version":1,"why":"gm's own shared default config repo at https://github.com/AnEntrypoint/gm-config (no project or user config.source.json configured)"}
evt: {"event":"codeinsight_rebuild","reason":"digest-mismatch","sess":"gmzellous824","stored_then_current":"v3:a7c179be92671e53:files=28","ts":1787594703770}
evt: {"dim":384,"event":"embed_generation_recorded","key":"b8b6f24106dd526a","model":"BAAI/bge-small-en-v1.5","scope":".gm/.embed-generation.code_chunks","sess":"gmzellous824","ts":1787594703775}
evt: {"dim":384,"event":"embed_generation_recorded","key":"b8b6f24106dd526a","model":"BAAI/bge-small-en-v1.5","scope":".gm/.embed-generation.memories","sess":"gmzellous824","ts":1787594703775}
evt: {"budget_chunks":2,"chunks_indexed":2,"chunks_total":8,"count_cap":64,"event":"code_index_chunk_cap","path":"docs/js/ui-voice.js","pessimistic_ms_per_chunk":16000,"remaining_ms":42721,"sess":"gmzellous824","ts":1787594706059}
evt: {"chunks":2,"embed_ms":12618,"event":"code_index_slow_file_embed","path":"docs/js/ui-voice.js","reused_chunks":0,"sess":"gmzellous824","ts":1787594718677}
evt: {"event":"config_resolved","sess":"gmzellous824","tier":"implicit_default_repo","ts":1787594718680,"version":1,"why":"gm's own shared default config repo at https://github.com/AnEntrypoint/gm-config (no project or user config.source.json configured)"}
evt: {"event":"config_resolved","sess":"gmzellous824","tier":"implicit_default_repo","ts":1787594718682,"version":1,"why":"gm's own shared default config repo at https://github.com/AnEntrypoint/gm-config (no project or user config.source.json configured)"}
evt: {"budget_chunks":1,"chunks_indexed":1,"chunks_total":33,"count_cap":64,"event":"code_index_chunk_cap","path":"docs/js/voice-ptt.js","pessimistic_ms_per_chunk":16000,"remaining_ms":29856,"sess":"gmzellous824","ts":1787594718924}
evt: {"budget_chunks":1,"chunks_indexed":1,"chunks_total":6,"count_cap":64,"event":"code_index_chunk_cap","path":"docs/js/webcam.js","pessimistic_ms_per_chunk":16000,"remaining_ms":27436,"sess":"gmzellous824","ts":1787594721344}
evt: {"event":"config_resolved","sess":"gmzellous824","tier":"implicit_default_repo","ts":1787594723814,"version":1,"why":"gm's own shared default config repo at https://github.com/AnEntrypoint/gm-config (no project or user config.source.json configured)"}
evt: {"event":"config_resolved","sess":"gmzellous824","tier":"implicit_default_repo","ts":1787594723822,"version":1,"why":"gm's own shared default config repo at https://github.com/AnEntrypoint/gm-config (no project or user config.source.json configured)"}
evt: {"budget_chunks":1,"chunks_indexed":1,"chunks_total":124,"count_cap":64,"event":"code_index_chunk_cap","path":"docs/js/nostr-adapter.js","pessimistic_ms_per_chunk":16000,"remaining_ms":24749,"sess":"gmzellous824","ts":1787594724031}
evt: {"chunks":1,"embed_ms":6042,"event":"code_index_slow_file_embed","path":"docs/js/nostr-adapter.js","reused_chunks":0,"sess":"gmzellous824","ts":1787594730073}
evt: {"event":"config_resolved","sess":"gmzellous824","tier":"implicit_default_repo","ts":1787594730077,"version":1,"why":"gm's own shared default config repo at https://github.com/AnEntrypoint/gm-config (no project or user config.source.json configured)"}
evt: {"event":"config_resolved","sess":"gmzellous824","tier":"implicit_default_repo","ts":1787594730080,"version":1,"why":"gm's own shared default config repo at https://github.com/AnEntrypoint/gm-config (no project or user config.source.json configured)"}
evt: {"budget_chunks":1,"chunks_indexed":1,"chunks_total":20,"count_cap":64,"event":"code_index_chunk_cap","path":"docs/js/ui.js","pessimistic_ms_per_chunk":16000,"remaining_ms":18582,"sess":"gmzellous824","ts":1787594730198}
evt: {"budget_chunks":1,"chunks_indexed":1,"chunks_total":4,"count_cap":64,"event":"code_index_chunk_cap","path":"docs/js/state.js","pessimistic_ms_per_chunk":16000,"remaining_ms":17315,"sess":"gmzellous824","ts":1787594731465}
evt: {"budget_chunks":1,"chunks_indexed":1,"chunks_total":22,"count_cap":64,"event":"code_index_chunk_cap","path":"docs/js/threads.js","pessimistic_ms_per_chunk":16000,"remaining_ms":16511,"sess":"gmzellous824","ts":1787594732269}
evt: {"budget_chunks":1,"chunks_indexed":1,"chunks_total":17,"count_cap":64,"event":"code_index_chunk_cap","path":"docs/js/ui-actions.js","pessimistic_ms_per_chunk":16000,"remaining_ms":15313,"sess":"gmzellous824","ts":1787594733467}
evt: {"event":"config_resolved","sess":"gmzellous824","tier":"implicit_default_repo","ts":1787594735787,"version":1,"why":"gm's own shared default config repo at https://github.com/AnEntrypoint/gm-config (no project or user config.source.json configured)"}
evt: {"event":"config_resolved","sess":"gmzellous824","tier":"implicit_default_repo","ts":1787594735789,"version":1,"why":"gm's own shared default config repo at https://github.com/AnEntrypoint/gm-config (no project or user config.source.json configured)"}
evt: {"budget_chunks":1,"chunks_indexed":1,"chunks_total":72,"count_cap":64,"event":"code_index_chunk_cap","path":"CHANGELOG.md","pessimistic_ms_per_chunk":16000,"remaining_ms":12732,"sess":"gmzellous824","ts":1787594736049}
evt: {"chunks":1,"embed_ms":3963,"event":"code_index_slow_file_embed","path":"CHANGELOG.md","reused_chunks":0,"sess":"gmzellous824","ts":1787594740012}
evt: {"event":"config_resolved","sess":"gmzellous824","tier":"implicit_default_repo","ts":1787594740125,"version":1,"why":"gm's own shared default config repo at https://github.com/AnEntrypoint/gm-config (no project or user config.source.json configured)"}
evt: {"event":"config_resolved","sess":"gmzellous824","tier":"implicit_default_repo","ts":1787594740132,"version":1,"why":"gm's own shared default config repo at https://github.com/AnEntrypoint/gm-config (no project or user config.source.json configured)"}
evt: {"did_sync":false,"event":"recall_vector_phase_timing","namespaces":1,"sess":"gmzellous824","sync_ms":0,"ts":1787594740425}
evt: {"event":"recall_vector_phase_timing","outcome":"ok","search_ms":2,"sess":"gmzellous824","ts":1787594740427}
evt: {"did_sync":false,"event":"recall_vector_phase_timing","namespaces":1,"sess":"gmzellous824","sync_ms":0,"ts":1787594740427}
evt: {"event":"recall_vector_phase_timing","outcome":"ok","search_ms":1,"sess":"gmzellous824","ts":1787594740428}
evt: {"dim":384,"event":"embed_generation_recorded","key":"b8b6f24106dd526a","model":"BAAI/bge-small-en-v1.5","scope":".gm/.embed-generation.code_chunks","sess":"gmzellous824","ts":1787594740435}
evt: {"dim":384,"event":"embed_generation_recorded","key":"b8b6f24106dd526a","model":"BAAI/bge-small-en-v1.5","scope":".gm/.embed-generation.memories","sess":"gmzellous824","ts":1787594740435}
evt: {"dim":384,"event":"embed_generation_recorded","key":"b8b6f24106dd526a","model":"BAAI/bge-small-en-v1.5","scope":".gm/.embed-generation.git_commit_vectors","sess":"gmzellous824","ts":1787594740459}
evt: {"deferred":473,"embedded":8,"event":"git_commit_vectors_synced","sess":"gmzellous824","skipped":0,"ts":1787594785676,"window":489}
evt: {"event":"config_resolved","sess":"gmzellous824","tier":"implicit_default_repo","ts":1787594785679,"version":1,"why":"gm's own shared default config repo at https://github.com/AnEntrypoint/gm-config (no project or user config.source.json configured)"}
evt: {"event":"config_resolved","sess":"gmzellous824","tier":"implicit_default_repo","ts":1787594785682,"version":1,"why":"gm's own shared default config repo at https://github.com/AnEntrypoint/gm-config (no project or user config.source.json configured)"}
evt: {"event":"dispatch.end","ms":81949,"sess":"gmzellous824","ts":1787594785692,"verb":"codesearch"}
evt: {"event":"config_resolved","tier":"implicit_default_repo","ts":1787594859771,"version":1,"why":"gm's own shared default config repo at https://github.com/AnEntrypoint/gm-config (no project or user config.source.json configured)"}
evt: {"event":"config_resolved","tier":"implicit_default_repo","ts":1787594859774,"version":1,"why":"gm's own shared default config repo at https://github.com/AnEntrypoint/gm-config (no project or user config.source.json configured)"}
evt: {"event":"dispatch.end","ms":9,"ts":1787594859776,"verb":"browser"}
evt: {"event":"config_resolved","tier":"implicit_default_repo","ts":1787594885661,"version":1,"why":"gm's own shared default config repo at https://github.com/AnEntrypoint/gm-config (no project or user config.source.json configured)"}
evt: {"event":"config_resolved","tier":"implicit_default_repo","ts":1787594886583,"version":1,"why":"gm's own shared default config repo at https://github.com/AnEntrypoint/gm-config (no project or user config.source.json configured)"}
evt: {"event":"dispatch.end","ms":37767,"ts":1787594923421,"verb":"cdp"}
evt: {"event":"config_resolved","tier":"implicit_default_repo","ts":1787594934018,"version":1,"why":"gm's own shared default config repo at https://github.com/AnEntrypoint/gm-config (no project or user config.source.json configured)"}
evt: {"event":"config_resolved","tier":"implicit_default_repo","ts":1787594934026,"version":1,"why":"gm's own shared default config repo at https://github.com/AnEntrypoint/gm-config (no project or user config.source.json configured)"}
evt: {"event":"dispatch.end","ms":5428,"ts":1787594939438,"verb":"cdp"}
evt: {"event":"config_resolved","tier":"implicit_default_repo","ts":1787594963929,"version":1,"why":"gm's own shared default config repo at https://github.com/AnEntrypoint/gm-config (no project or user config.source.json configured)"}
evt: {"event":"config_resolved","tier":"implicit_default_repo","ts":1787594963931,"version":1,"why":"gm's own shared default config repo at https://github.com/AnEntrypoint/gm-config (no project or user config.source.json configured)"}
evt: {"event":"dispatch.end","ms":5980,"ts":1787594969906,"verb":"cdp"}
evt: {"event":"config_resolved","tier":"implicit_default_repo","ts":1787594984554,"version":1,"why":"gm's own shared default config repo at https://github.com/AnEntrypoint/gm-config (no project or user config.source.json configured)"}
evt: {"event":"config_resolved","tier":"implicit_default_repo","ts":1787594984561,"version":1,"why":"gm's own shared default config repo at https://github.com/AnEntrypoint/gm-config (no project or user config.source.json configured)"}
evt: {"event":"dispatch.end","ms":6007,"ts":1787594990554,"verb":"cdp"}
evt: {"event":"config_resolved","tier":"implicit_default_repo","ts":1787595000023,"version":1,"why":"gm's own shared default config repo at https://github.com/AnEntrypoint/gm-config (no project or user config.source.json configured)"}
evt: {"event":"config_resolved","tier":"implicit_default_repo","ts":1787595000026,"version":1,"why":"gm's own shared default config repo at https://github.com/AnEntrypoint/gm-config (no project or user config.source.json configured)"}
evt: {"event":"dispatch.end","ms":6020,"ts":1787595006042,"verb":"cdp"}
evt: {"event":"config_resolved","tier":"implicit_default_repo","ts":1787595022575,"version":1,"why":"gm's own shared default config repo at https://github.com/AnEntrypoint/gm-config (no project or user config.source.json configured)"}
evt: {"event":"config_resolved","tier":"implicit_default_repo","ts":1787595022578,"version":1,"why":"gm's own shared default config repo at https://github.com/AnEntrypoint/gm-config (no project or user config.source.json configured)"}
evt: {"event":"dispatch.end","ms":5948,"ts":1787595028520,"verb":"cdp"}
evt: {"event":"config_resolved","tier":"implicit_default_repo","ts":1787595049528,"version":1,"why":"gm's own shared default config repo at https://github.com/AnEntrypoint/gm-config (no project or user config.source.json configured)"}
evt: {"event":"config_resolved","tier":"implicit_default_repo","ts":1787595049531,"version":1,"why":"gm's own shared default config repo at https://github.com/AnEntrypoint/gm-config (no project or user config.source.json configured)"}
evt: {"event":"dispatch.end","ms":4667,"ts":1787595054192,"verb":"cdp"}
evt: {"event":"config_resolved","tier":"implicit_default_repo","ts":1787595085488,"version":1,"why":"gm's own shared default config repo at https://github.com/AnEntrypoint/gm-config (no project or user config.source.json configured)"}
evt: {"event":"config_resolved","tier":"implicit_default_repo","ts":1787595085495,"version":1,"why":"gm's own shared default config repo at https://github.com/AnEntrypoint/gm-config (no project or user config.source.json configured)"}
evt: {"event":"dispatch.end","ms":4680,"ts":1787595090160,"verb":"cdp"}
evt: {"event":"config_resolved","tier":"implicit_default_repo","ts":1787595102066,"version":1,"why":"gm's own shared default config repo at https://github.com/AnEntrypoint/gm-config (no project or user config.source.json configured)"}
evt: {"event":"config_resolved","tier":"implicit_default_repo","ts":1787595102071,"version":1,"why":"gm's own shared default config repo at https://github.com/AnEntrypoint/gm-config (no project or user config.source.json configured)"}
evt: {"event":"dispatch.end","ms":6182,"ts":1787595108238,"verb":"cdp"}
evt: {"event":"config_resolved","tier":"implicit_default_repo","ts":1787595119045,"version":1,"why":"gm's own shared default config repo at https://github.com/AnEntrypoint/gm-config (no project or user config.source.json configured)"}
evt: {"event":"config_resolved","tier":"implicit_default_repo","ts":1787595119049,"version":1,"why":"gm's own shared default config repo at https://github.com/AnEntrypoint/gm-config (no project or user config.source.json configured)"}
evt: {"event":"dispatch.end","ms":6074,"ts":1787595125114,"verb":"cdp"}
evt: {"event":"config_resolved","tier":"implicit_default_repo","ts":1787595130941,"version":1,"why":"gm's own shared default config repo at https://github.com/AnEntrypoint/gm-config (no project or user config.source.json configured)"}
evt: {"event":"config_resolved","tier":"implicit_default_repo","ts":1787595130945,"version":1,"why":"gm's own shared default config repo at https://github.com/AnEntrypoint/gm-config (no project or user config.source.json configured)"}
evt: {"event":"dispatch.end","ms":142,"ts":1787595131078,"verb":"cdp"}
evt: {"event":"config_resolved","tier":"implicit_default_repo","ts":1787595152088,"version":1,"why":"gm's own shared default config repo at https://github.com/AnEntrypoint/gm-config (no project or user config.source.json configured)"}
evt: {"event":"config_resolved","tier":"implicit_default_repo","ts":1787595152097,"version":1,"why":"gm's own shared default config repo at https://github.com/AnEntrypoint/gm-config (no project or user config.source.json configured)"}
evt: {"event":"dispatch.end","ms":5476,"ts":1787595157556,"verb":"cdp"}
evt: {"event":"config_resolved","sess":"gmzellous824","tier":"implicit_default_repo","ts":1787595164401,"version":1,"why":"gm's own shared default config repo at https://github.com/AnEntrypoint/gm-config (no project or user config.source.json configured)"}
evt: {"event":"config_resolved","sess":"gmzellous824","tier":"implicit_default_repo","ts":1787595164404,"version":1,"why":"gm's own shared default config repo at https://github.com/AnEntrypoint/gm-config (no project or user config.source.json configured)"}
evt: {"event":"prd.added","id":"fix-narrow-mode-menu-click-through","rescoped":false,"sess":"gmzellous824","ts":1787595164408}
evt: {"event":"dispatch.end","ms":9,"sess":"gmzellous824","ts":1787595164408,"verb":"prd-add"}
evt: {"event":"config_resolved","sess":"gmzellous824","tier":"implicit_default_repo","ts":1787595193526,"version":1,"why":"gm's own shared default config repo at https://github.com/AnEntrypoint/gm-config (no project or user config.source.json configured)"}
evt: {"event":"config_resolved","sess":"gmzellous824","tier":"implicit_default_repo","ts":1787595194440,"version":1,"why":"gm's own shared default config repo at https://github.com/AnEntrypoint/gm-config (no project or user config.source.json configured)"}
evt: {"event":"prd.resolved","id":"fix-narrow-mode-menu-click-through","sess":"gmzellous824","ts":1787595194442}
evt: {"event":"dispatch.end","ms":926,"sess":"gmzellous824","ts":1787595194443,"verb":"prd-resolve"}
evt: {"event":"config_resolved","sess":"gmzellous824","tier":"implicit_default_repo","ts":1787595199828,"version":1,"why":"gm's own shared default config repo at https://github.com/AnEntrypoint/gm-config (no project or user config.source.json configured)"}
evt: {"event":"config_resolved","sess":"gmzellous824","tier":"implicit_default_repo","ts":1787595199830,"version":1,"why":"gm's own shared default config repo at https://github.com/AnEntrypoint/gm-config (no project or user config.source.json configured)"}
evt: {"event":"embed.query_spill_hit","query_len":59,"sess":"gmzellous824","ts":1787595199843}
evt: {"dim":384,"event":"embed_generation_recorded","key":"b8b6f24106dd526a","model":"BAAI/bge-small-en-v1.5","scope":".gm/.embed-generation.rssearch_vectors","sess":"gmzellous824","ts":1787595199845}
evt: {"did_sync":false,"event":"recall_vector_phase_timing","namespaces":1,"sess":"gmzellous824","sync_ms":4,"ts":1787595199847}
evt: {"event":"recall_vector_phase_timing","outcome":"ok","search_ms":1,"sess":"gmzellous824","ts":1787595199848}
evt: {"did_sync":false,"event":"recall_vector_phase_timing","namespaces":1,"sess":"gmzellous824","sync_ms":1,"ts":1787595199850}
evt: {"event":"recall_vector_phase_timing","outcome":"ok","search_ms":1,"sess":"gmzellous824","ts":1787595199851}
evt: {"event":"recall","hit":false,"hit_keys":[],"mode":"kv_query","n_hits":0,"namespace":"default","query":"narrower modes menu buttons dont work","sess":"gmzellous824","sub":"memory","ts":1787595199851}
evt: {"event":"instruction.served","mutables_pending_count":0,"phase":"SPECIFY","prd_pending_count":0,"sess":"gmzellous824","ts":1787595199857}
evt: {"event":"dispatch.end","ms":32,"sess":"gmzellous824","ts":1787595199857,"verb":"instruction"}
evt: {"event":"config_resolved","sess":"gmzellous824","tier":"implicit_default_repo","ts":1787595217263,"version":1,"why":"gm's own shared default config repo at https://github.com/AnEntrypoint/gm-config (no project or user config.source.json configured)"}
evt: {"event":"config_resolved","sess":"gmzellous824","tier":"implicit_default_repo","ts":1787595217266,"version":1,"why":"gm's own shared default config repo at https://github.com/AnEntrypoint/gm-config (no project or user config.source.json configured)"}
evt: {"event":"git.commit","repo":null,"sess":"gmzellous824","sha":"cb3da32389","sha_full":"cb3da3238988776aa6203874aa5dc8bbd25da3a9","sub":"git","summary":"fix(css): narrow-mode drawer overlay was burying rail/member-list clicks under its own backdrop z-index","ts":1787595217312}
evt: {"event":"liqology_record_skipped","reason":"unknown_plugin","sess":"gmzellous824","sha_full":"cb3da3238988776aa6203874aa5dc8bbd25da3a9","ts":1787595217756}
evt: {"event":"git.push","repo":null,"sess":"gmzellous824","sha":"7b3e71c99c","ts":1787595222059}
evt: {"event":"dispatch.end","ms":5234,"sess":"gmzellous824","ts":1787595222495,"verb":"git_finalize"}
evt: {"event":"config_resolved","tier":"implicit_default_repo","ts":1787595278602,"version":1,"why":"gm's own shared default config repo at https://github.com/AnEntrypoint/gm-config (no project or user config.source.json configured)"}
evt: {"event":"config_resolved","tier":"implicit_default_repo","ts":1787595278605,"version":1,"why":"gm's own shared default config repo at https://github.com/AnEntrypoint/gm-config (no project or user config.source.json configured)"}
evt: {"event":"dispatch.end","ms":6603,"ts":1787595285203,"verb":"cdp"}
evt: {"event":"config_resolved","tier":"implicit_default_repo","ts":1787595293570,"version":1,"why":"gm's own shared default config repo at https://github.com/AnEntrypoint/gm-config (no project or user config.source.json configured)"}
evt: {"event":"config_resolved","tier":"implicit_default_repo","ts":1787595293578,"version":1,"why":"gm's own shared default config repo at https://github.com/AnEntrypoint/gm-config (no project or user config.source.json configured)"}
evt: {"event":"dispatch.end","ms":5420,"ts":1787595298982,"verb":"cdp"}
evt: {"event":"config_resolved","sess":"gmzellous824","tier":"implicit_default_repo","ts":1787595310257,"version":1,"why":"gm's own shared default config repo at https://github.com/AnEntrypoint/gm-config (no project or user config.source.json configured)"}
evt: {"event":"config_resolved","sess":"gmzellous824","tier":"implicit_default_repo","ts":1787595310259,"version":1,"why":"gm's own shared default config repo at https://github.com/AnEntrypoint/gm-config (no project or user config.source.json configured)"}
evt: {"event":"embed.query_cache_hit","query_len":59,"sess":"gmzellous824","ts":1787595310267}
evt: {"did_sync":false,"event":"recall_vector_phase_timing","namespaces":1,"sess":"gmzellous824","sync_ms":2,"ts":1787595310269}
evt: {"event":"recall_vector_phase_timing","outcome":"ok","search_ms":1,"sess":"gmzellous824","ts":1787595310270}
evt: {"did_sync":false,"event":"recall_vector_phase_timing","namespaces":1,"sess":"gmzellous824","sync_ms":2,"ts":1787595310273}
evt: {"event":"recall_vector_phase_timing","outcome":"ok","search_ms":1,"sess":"gmzellous824","ts":1787595310274}
evt: {"event":"recall","hit":false,"hit_keys":[],"mode":"kv_query","n_hits":0,"namespace":"default","query":"narrower modes menu buttons dont work","sess":"gmzellous824","sub":"memory","ts":1787595310274}
evt: {"event":"instruction.served","mutables_pending_count":0,"phase":"SPECIFY","prd_pending_count":0,"sess":"gmzellous824","ts":1787595310278}
evt: {"event":"dispatch.end","ms":24,"sess":"gmzellous824","ts":1787595310278,"verb":"instruction"}
evt: {"changed":["browser_witness (changed)","cache (changed)","claim_audit (changed)","code_chunks (changed)","code_index (changed)","discipline_note (changed)","embed (changed)","fsm (changed)","git_commits (changed)","index (changed)","instruction_payload (changed)","instructions (changed)","memory (changed)","memory_sync (changed)","messages (changed)","pipeline (changed)","rssearch (changed)","scoring (changed)","sync (changed)","_comment (removed)"],"changed_count":20,"event":"config_changed","id":"cfg-implicit_default_repo-b09b484c6c26-1789939234508","new_sha":"b09b484c6c26","old_sha":"35bda26f6f49","tier":"implicit_default_repo","ts":1789939234511}
evt: {"event":"config_resolved","tier":"implicit_default_repo","ts":1789939234601,"version":1,"why":"gm's own shared default config repo at https://github.com/AnEntrypoint/gm-config (no project or user config.source.json configured)"}
evt: {"event":"config_resolved","tier":"implicit_default_repo","ts":1789939234604,"version":1,"why":"gm's own shared default config repo at https://github.com/AnEntrypoint/gm-config (no project or user config.source.json configured)"}
evt: {"event":"config_resolved","tier":"implicit_default_repo","ts":1789939234609,"version":1,"why":"gm's own shared default config repo at https://github.com/AnEntrypoint/gm-config (no project or user config.source.json configured)"}
evt: {"event":"config_resolved","tier":"implicit_default_repo","ts":1789939234611,"version":1,"why":"gm's own shared default config repo at https://github.com/AnEntrypoint/gm-config (no project or user config.source.json configured)"}
evt: {"detail":"verb=cdp gap_ms=2343924327","event":"deviation.long-gap-no-instruction","kind":"long-gap-no-instruction","severity":"deny","source":"rs-plugkit/gates","sub":"hook","ts":1789939234612}
evt: {"changed":["_comment (added)","browser_witness (changed)","cache (changed)","claim_audit (changed)","code_chunks (changed)","code_index (changed)","discipline_note (changed)","embed (changed)","fsm (changed)","git_commits (changed)","index (changed)","instruction_payload (changed)","instructions (changed)","memory (changed)","memory_sync (changed)","messages (changed)","pipeline (changed)","rssearch (changed)","scoring (changed)","sync (changed)"],"changed_count":20,"event":"config_changed","id":"cfg-implicit_default_repo-993d816b191e-1789939282900","new_sha":"993d816b191e","old_sha":"b09b484c6c26","tier":"implicit_default_repo","ts":1789939282901}
evt: {"event":"config_resolved","pinned_sha":"993d816b191e551b95f98bf6d1e643587b1a2edc","tier":"implicit_default_repo","ts":1789939282990,"version":1,"why":"gm's own shared default config repo at https://github.com/AnEntrypoint/gm-config (no project or user config.source.json configured)"}
evt: {"event":"config_resolved","pinned_sha":"993d816b191e551b95f98bf6d1e643587b1a2edc","tier":"implicit_default_repo","ts":1789939282993,"version":1,"why":"gm's own shared default config repo at https://github.com/AnEntrypoint/gm-config (no project or user config.source.json configured)"}
evt: {"event":"dispatch.end","ms":10486,"ts":1789939289332,"verb":"cdp"}
evt: {"event":"config_resolved","pinned_sha":"993d816b191e551b95f98bf6d1e643587b1a2edc","tier":"implicit_default_repo","ts":1789939294648,"version":1,"why":"gm's own shared default config repo at https://github.com/AnEntrypoint/gm-config (no project or user config.source.json configured)"}
evt: {"event":"config_resolved","pinned_sha":"993d816b191e551b95f98bf6d1e643587b1a2edc","tier":"implicit_default_repo","ts":1789939294655,"version":1,"why":"gm's own shared default config repo at https://github.com/AnEntrypoint/gm-config (no project or user config.source.json configured)"}
evt: {"event":"dispatch.end","ms":6730,"ts":1789939301370,"verb":"cdp"}
evt: {"event":"config_resolved","pinned_sha":"993d816b191e551b95f98bf6d1e643587b1a2edc","tier":"implicit_default_repo","ts":1789939339609,"version":1,"why":"gm's own shared default config repo at https://github.com/AnEntrypoint/gm-config (no project or user config.source.json configured)"}
evt: {"event":"config_resolved","pinned_sha":"993d816b191e551b95f98bf6d1e643587b1a2edc","tier":"implicit_default_repo","ts":1789939339612,"version":1,"why":"gm's own shared default config repo at https://github.com/AnEntrypoint/gm-config (no project or user config.source.json configured)"}
evt: {"dim":384,"event":"embed_generation_recorded","key":"b8b6f24106dd526a","model":"BAAI/bge-small-en-v1.5","scope":".gm/.embed-generation.rssearch_vectors","ts":1789939342110}
evt: {"did_sync":false,"event":"recall_vector_phase_timing","namespaces":1,"sync_ms":11,"ts":1789939342112}
evt: {"event":"recall_vector_phase_timing","outcome":"ok","search_ms":2,"ts":1789939342114}
evt: {"did_sync":false,"event":"recall_vector_phase_timing","namespaces":1,"sync_ms":1,"ts":1789939342116}
evt: {"event":"recall_vector_phase_timing","outcome":"ok","search_ms":1,"ts":1789939342117}
evt: {"event":"recall","hit":false,"hit_keys":[],"mode":"kv_query","n_hits":0,"namespace":"default","query":"Adversarially evaluate real skeptical user core","sub":"memory","ts":1789939342117}
evt: {"event":"config_resolved","pinned_sha":"993d816b191e551b95f98bf6d1e643587b1a2edc","tier":"implicit_default_repo","ts":1789939342122,"version":1,"why":"gm's own shared default config repo at https://github.com/AnEntrypoint/gm-config (no project or user config.source.json configured)"}
evt: {"event":"config_resolved","pinned_sha":"993d816b191e551b95f98bf6d1e643587b1a2edc","tier":"implicit_default_repo","ts":1789939342125,"version":1,"why":"gm's own shared default config repo at https://github.com/AnEntrypoint/gm-config (no project or user config.source.json configured)"}
evt: {"dim":384,"event":"embed_generation_recorded","key":"b8b6f24106dd526a","model":"BAAI/bge-small-en-v1.5","scope":".gm/.embed-generation.code_chunks","ts":1789939342141}
evt: {"dim":384,"event":"embed_generation_recorded","key":"b8b6f24106dd526a","model":"BAAI/bge-small-en-v1.5","scope":".gm/.embed-generation.memories","ts":1789939342141}
evt: {"event":"instruction.served","mutables_pending_count":0,"phase":"SPECIFY","prd_pending_count":0,"ts":1789939342535}
evt: {"event":"dispatch.end","ms":2931,"ts":1789939342536,"verb":"instruction"}
evt: {"event":"config_resolved","pinned_sha":"993d816b191e551b95f98bf6d1e643587b1a2edc","tier":"implicit_default_repo","ts":1789939348598,"version":1,"why":"gm's own shared default config repo at https://github.com/AnEntrypoint/gm-config (no project or user config.source.json configured)"}
evt: {"event":"config_resolved","pinned_sha":"993d816b191e551b95f98bf6d1e643587b1a2edc","tier":"implicit_default_repo","ts":1789939348601,"version":1,"why":"gm's own shared default config repo at https://github.com/AnEntrypoint/gm-config (no project or user config.source.json configured)"}
evt: {"did_sync":false,"event":"recall_vector_phase_timing","namespaces":1,"sync_ms":3,"ts":1789939349636}
evt: {"event":"recall_vector_phase_timing","outcome":"ok","search_ms":1,"ts":1789939349637}
evt: {"did_sync":false,"event":"recall_vector_phase_timing","namespaces":1,"sync_ms":2,"ts":1789939349640}
evt: {"event":"recall_vector_phase_timing","outcome":"ok","search_ms":1,"ts":1789939349641}
evt: {"event":"recall","hit":false,"hit_keys":[],"mode":"kv_query","n_hits":0,"namespace":"default","query":"Adversarially evaluate zellous server channel management","sub":"memory","ts":1789939349641}
evt: {"event":"instruction.served","mutables_pending_count":0,"phase":"SPECIFY","prd_pending_count":0,"ts":1789939349651}
evt: {"event":"dispatch.end","ms":1055,"ts":1789939349651,"verb":"instruction"}
evt: {"did_sync":false,"event":"recall_vector_phase_timing","namespaces":1,"sess":"zellous-audit-1789939343","sync_ms":2,"ts":1789939350224}
evt: {"event":"recall_vector_phase_timing","outcome":"ok","search_ms":1,"sess":"zellous-audit-1789939343","ts":1789939350225}
evt: {"did_sync":false,"event":"recall_vector_phase_timing","namespaces":1,"sess":"zellous-audit-1789939343","sync_ms":1,"ts":1789939350228}
evt: {"event":"recall_vector_phase_timing","outcome":"ok","search_ms":1,"sess":"zellous-audit-1789939343","ts":1789939350229}
evt: {"event":"recall","hit":false,"hit_keys":[],"mode":"kv_query","n_hits":0,"namespace":"default","query":"Adversarially audit fix auth flow first-run","sess":"zellous-audit-1789939343","sub":"memory","ts":1789939350229}
evt: {"event":"instruction.served","mutables_pending_count":0,"phase":"SPECIFY","prd_pending_count":0,"sess":"zellous-audit-1789939343","ts":1789939350233}
evt: {"event":"dispatch.end","ms":527,"sess":"zellous-audit-1789939343","ts":1789939350233,"verb":"instruction"}
evt: {"event":"config_resolved","pinned_sha":"993d816b191e551b95f98bf6d1e643587b1a2edc","tier":"implicit_default_repo","ts":1789939355627,"version":1,"why":"gm's own shared default config repo at https://github.com/AnEntrypoint/gm-config (no project or user config.source.json configured)"}
evt: {"event":"config_resolved","pinned_sha":"993d816b191e551b95f98bf6d1e643587b1a2edc","tier":"implicit_default_repo","ts":1789939355630,"version":1,"why":"gm's own shared default config repo at https://github.com/AnEntrypoint/gm-config (no project or user config.source.json configured)"}
evt: {"did_sync":false,"event":"recall_vector_phase_timing","namespaces":1,"sync_ms":1,"ts":1789939356661}
evt: {"event":"recall_vector_phase_timing","outcome":"ok","search_ms":1,"ts":1789939356662}
evt: {"did_sync":false,"event":"recall_vector_phase_timing","namespaces":1,"sync_ms":2,"ts":1789939356665}
evt: {"event":"recall_vector_phase_timing","outcome":"ok","search_ms":1,"ts":1789939356666}
evt: {"event":"recall","hit":false,"hit_keys":[],"mode":"kv_query","n_hits":0,"namespace":"default","query":"Adversarially evaluate voice experience join leave","sub":"memory","ts":1789939356666}
evt: {"event":"instruction.served","mutables_pending_count":0,"phase":"SPECIFY","prd_pending_count":0,"ts":1789939356676}
evt: {"event":"dispatch.end","ms":1051,"ts":1789939356676,"verb":"instruction"}
evt: {"already_identical":false,"event":"prd.added","id":"chat-reply","rescoped":false,"ts":1789939356733}
evt: {"event":"dispatch.end","ms":2,"ts":1789939356733,"verb":"prd-add"}
evt: {"already_identical":false,"event":"prd.added","id":"chat-reactions","rescoped":false,"ts":1789939356799}
evt: {"event":"dispatch.end","ms":6,"ts":1789939356799,"verb":"prd-add"}
evt: {"already_identical":false,"event":"prd.added","id":"chat-code-blocks","rescoped":false,"ts":1789939356861}
evt: {"event":"dispatch.end","ms":6,"ts":1789939356861,"verb":"prd-add"}
evt: {"already_identical":false,"event":"prd.added","id":"chat-emoji-picker","rescoped":false,"ts":1789939356923}
evt: {"event":"dispatch.end","ms":7,"ts":1789939356924,"verb":"prd-add"}
evt: {"already_identical":false,"event":"prd.added","id":"chat-command-palette","rescoped":false,"ts":1789939356974}
evt: {"event":"dispatch.end","ms":2,"ts":1789939356974,"verb":"prd-add"}
evt: {"already_identical":false,"event":"prd.added","id":"chat-mobile-viewport","rescoped":false,"ts":1789939357030}
evt: {"event":"dispatch.end","ms":4,"ts":1789939357030,"verb":"prd-add"}
evt: {"already_identical":false,"event":"prd.added","id":"chat-upload-image","rescoped":false,"ts":1789939357086}
evt: {"event":"dispatch.end","ms":4,"ts":1789939357086,"verb":"prd-add"}
evt: {"already_identical":false,"event":"prd.added","id":"chat-upload-dragdrop","rescoped":false,"ts":1789939357144}
evt: {"event":"dispatch.end","ms":4,"ts":1789939357144,"verb":"prd-add"}
evt: {"already_identical":false,"event":"prd.added","id":"chat-desktop-viewport","rescoped":false,"ts":1789939357209}
evt: {"event":"dispatch.end","ms":7,"ts":1789939357209,"verb":"prd-add"}
evt: {"already_identical":false,"event":"prd.added","id":"chat-edit-message","rescoped":false,"ts":1789939357271}
evt: {"event":"dispatch.end","ms":7,"ts":1789939357271,"verb":"prd-add"}
evt: {"already_identical":false,"event":"prd.added","id":"chat-threads","rescoped":false,"ts":1789939357321}
evt: {"event":"dispatch.end","ms":3,"ts":1789939357321,"verb":"prd-add"}
evt: {"already_identical":false,"event":"prd.added","id":"chat-markdown-render","rescoped":false,"ts":1789939357376}
evt: {"event":"dispatch.end","ms":2,"ts":1789939357376,"verb":"prd-add"}
evt: {"already_identical":false,"event":"prd.added","id":"chat-delete-message","rescoped":false,"ts":1789939357431}
evt: {"event":"dispatch.end","ms":2,"ts":1789939357431,"verb":"prd-add"}
evt: {"already_identical":false,"event":"prd.added","id":"chat-send-message","rescoped":false,"ts":1789939357498}
evt: {"event":"dispatch.end","ms":8,"ts":1789939357499,"verb":"prd-add"}
evt: {"already_identical":false,"event":"prd.added","id":"chat-upload-paste","rescoped":false,"ts":1789939357562}
evt: {"event":"dispatch.end","ms":9,"ts":1789939357562,"verb":"prd-add"}
evt: {"event":"config_resolved","pinned_sha":"993d816b191e551b95f98bf6d1e643587b1a2edc","sess":"zellous-audit-1789939343","tier":"implicit_default_repo","ts":1789939359137,"version":1,"why":"gm's own shared default config repo at https://github.com/AnEntrypoint/gm-config (no project or user config.source.json configured)"}
evt: {"event":"config_resolved","pinned_sha":"993d816b191e551b95f98bf6d1e643587b1a2edc","sess":"zellous-audit-1789939343","tier":"implicit_default_repo","ts":1789939359141,"version":1,"why":"gm's own shared default config repo at https://github.com/AnEntrypoint/gm-config (no project or user config.source.json configured)"}
evt: {"already_identical":false,"event":"prd.added","id":"audit-auth-flow","rescoped":false,"sess":"zellous-audit-1789939343","ts":1789939359144}
evt: {"event":"dispatch.end","ms":10,"sess":"zellous-audit-1789939343","ts":1789939359144,"verb":"prd-add"}
evt: {"already_identical":false,"event":"prd.added","id":"audit-settings-popover","rescoped":false,"sess":"zellous-audit-1789939343","ts":1789939359192}
evt: {"event":"dispatch.end","ms":3,"sess":"zellous-audit-1789939343","ts":1789939359192,"verb":"prd-add"}
evt: {"already_identical":false,"event":"prd.added","id":"audit-onboarding","rescoped":false,"sess":"zellous-audit-1789939343","ts":1789939359247}
evt: {"event":"dispatch.end","ms":3,"sess":"zellous-audit-1789939343","ts":1789939359247,"verb":"prd-add"}
evt: {"event":"config_resolved","pinned_sha":"993d816b191e551b95f98bf6d1e643587b1a2edc","tier":"implicit_default_repo","ts":1789939363099,"version":1,"why":"gm's own shared default config repo at https://github.com/AnEntrypoint/gm-config (no project or user config.source.json configured)"}
evt: {"event":"config_resolved","pinned_sha":"993d816b191e551b95f98bf6d1e643587b1a2edc","tier":"implicit_default_repo","ts":1789939363102,"version":1,"why":"gm's own shared default config repo at https://github.com/AnEntrypoint/gm-config (no project or user config.source.json configured)"}
evt: {"event":"phase.transitioned","from":"SPECIFY","phase":"PROVE","ts":1789939363105}
evt: {"did_sync":false,"event":"recall_vector_phase_timing","namespaces":1,"sync_ms":3,"ts":1789939363386}
evt: {"event":"recall_vector_phase_timing","outcome":"ok","search_ms":1,"ts":1789939363387}
evt: {"did_sync":false,"event":"recall_vector_phase_timing","namespaces":1,"sync_ms":2,"ts":1789939363390}
evt: {"event":"recall_vector_phase_timing","outcome":"ok","search_ms":1,"ts":1789939363391}
evt: {"event":"recall","hit":false,"hit_keys":[],"mode":"kv_query","n_hits":0,"namespace":"default","query":"PROVE Reply message verify reply context","sub":"memory","ts":1789939363391}
evt: {"event":"dispatch.end","ms":295,"ts":1789939363391,"verb":"transition"}
evt: {"event":"dispatch.end","ms":2531,"sess":"adv1","ts":1789939365933,"verb":"cdp"}
evt: {"event":"config_resolved","pinned_sha":"993d816b191e551b95f98bf6d1e643587b1a2edc","tier":"implicit_default_repo","ts":1789939365940,"version":1,"why":"gm's own shared default config repo at https://github.com/AnEntrypoint/gm-config (no project or user config.source.json configured)"}
evt: {"event":"config_resolved","pinned_sha":"993d816b191e551b95f98bf6d1e643587b1a2edc","tier":"implicit_default_repo","ts":1789939365943,"version":1,"why":"gm's own shared default config repo at https://github.com/AnEntrypoint/gm-config (no project or user config.source.json configured)"}
evt: {"event":"config_resolved","pinned_sha":"993d816b191e551b95f98bf6d1e643587b1a2edc","tier":"implicit_default_repo","ts":1789939368565,"version":1,"why":"gm's own shared default config repo at https://github.com/AnEntrypoint/gm-config (no project or user config.source.json configured)"}
evt: {"event":"config_resolved","pinned_sha":"993d816b191e551b95f98bf6d1e643587b1a2edc","tier":"implicit_default_repo","ts":1789939368568,"version":1,"why":"gm's own shared default config repo at https://github.com/AnEntrypoint/gm-config (no project or user config.source.json configured)"}
evt: {"did_sync":false,"event":"recall_vector_phase_timing","namespaces":1,"sync_ms":0,"ts":1789939369117}
evt: {"event":"recall_vector_phase_timing","outcome":"ok","search_ms":5,"ts":1789939369122}
evt: {"dim":384,"event":"embed_generation_recorded","key":"b8b6f24106dd526a","model":"BAAI/bge-small-en-v1.5","scope":".gm/.embed-generation.code_chunks","ts":1789939369145}
evt: {"dim":384,"event":"embed_generation_recorded","key":"b8b6f24106dd526a","model":"BAAI/bge-small-en-v1.5","scope":".gm/.embed-generation.memories","ts":1789939369145}
evt: {"dim":384,"event":"embed_generation_recorded","key":"b8b6f24106dd526a","model":"BAAI/bge-small-en-v1.5","scope":".gm/.embed-generation.git_commit_vectors","ts":1789939369201}
evt: {"event":"dispatch.end","ms":659,"ts":1789939369221,"verb":"codesearch"}
evt: {"did_sync":false,"event":"recall_vector_phase_timing","namespaces":1,"sync_ms":0,"ts":1789939369562}
evt: {"event":"recall_vector_phase_timing","outcome":"ok","search_ms":1,"ts":1789939369563}
evt: {"dim":384,"event":"embed_generation_recorded","key":"b8b6f24106dd526a","model":"BAAI/bge-small-en-v1.5","scope":".gm/.embed-generation.code_chunks","ts":1789939369566}
evt: {"dim":384,"event":"embed_generation_recorded","key":"b8b6f24106dd526a","model":"BAAI/bge-small-en-v1.5","scope":".gm/.embed-generation.memories","ts":1789939369566}
evt: {"event":"dispatch.end","ms":318,"ts":1789939369587,"verb":"codesearch"}
evt: {"did_sync":false,"event":"recall_vector_phase_timing","namespaces":1,"sync_ms":0,"ts":1789939369919}
evt: {"event":"recall_vector_phase_timing","outcome":"ok","search_ms":3,"ts":1789939369922}
evt: {"dim":384,"event":"embed_generation_recorded","key":"b8b6f24106dd526a","model":"BAAI/bge-small-en-v1.5","scope":".gm/.embed-generation.code_chunks","ts":1789939369925}
evt: {"dim":384,"event":"embed_generation_recorded","key":"b8b6f24106dd526a","model":"BAAI/bge-small-en-v1.5","scope":".gm/.embed-generation.memories","ts":1789939369925}
evt: {"event":"dispatch.end","ms":322,"ts":1789939369947,"verb":"codesearch"}
evt: {"did_sync":false,"event":"recall_vector_phase_timing","namespaces":1,"sync_ms":0,"ts":1789939370288}
evt: {"event":"recall_vector_phase_timing","outcome":"ok","search_ms":1,"ts":1789939370289}
evt: {"dim":384,"event":"embed_generation_recorded","key":"b8b6f24106dd526a","model":"BAAI/bge-small-en-v1.5","scope":".gm/.embed-generation.code_chunks","ts":1789939370293}
evt: {"dim":384,"event":"embed_generation_recorded","key":"b8b6f24106dd526a","model":"BAAI/bge-small-en-v1.5","scope":".gm/.embed-generation.memories","ts":1789939370293}
evt: {"event":"dispatch.end","ms":326,"ts":1789939370312,"verb":"codesearch"}
evt: {"event":"dispatch.end","ms":5233,"ts":1789939375574,"verb":"cdp"}
evt: {"event":"config_resolved","pinned_sha":"993d816b191e551b95f98bf6d1e643587b1a2edc","sess":"adv1","tier":"implicit_default_repo","ts":1789939375645,"version":1,"why":"gm's own shared default config repo at https://github.com/AnEntrypoint/gm-config (no project or user config.source.json configured)"}
evt: {"event":"config_resolved","pinned_sha":"993d816b191e551b95f98bf6d1e643587b1a2edc","sess":"adv1","tier":"implicit_default_repo","ts":1789939375649,"version":1,"why":"gm's own shared default config repo at https://github.com/AnEntrypoint/gm-config (no project or user config.source.json configured)"}
evt: {"event":"dispatch.end","ms":30079,"ts":1789939405775,"verb":"browser"}
evt: {"event":"config_resolved","pinned_sha":"993d816b191e551b95f98bf6d1e643587b1a2edc","sess":"chatqa1","tier":"implicit_default_repo","ts":1789939405819,"version":1,"why":"gm's own shared default config repo at https://github.com/AnEntrypoint/gm-config (no project or user config.source.json configured)"}
evt: {"event":"config_resolved","pinned_sha":"993d816b191e551b95f98bf6d1e643587b1a2edc","sess":"chatqa1","tier":"implicit_default_repo","ts":1789939405826,"version":1,"why":"gm's own shared default config repo at https://github.com/AnEntrypoint/gm-config (no project or user config.source.json configured)"}
evt: {"event":"dispatch.end","ms":8382,"sess":"chatqa1","ts":1789939414192,"verb":"cdp"}
evt: {"event":"config_resolved","pinned_sha":"993d816b191e551b95f98bf6d1e643587b1a2edc","tier":"implicit_default_repo","ts":1789939414197,"version":1,"why":"gm's own shared default config repo at https://github.com/AnEntrypoint/gm-config (no project or user config.source.json configured)"}
evt: {"event":"config_resolved","pinned_sha":"993d816b191e551b95f98bf6d1e643587b1a2edc","tier":"implicit_default_repo","ts":1789939414203,"version":1,"why":"gm's own shared default config repo at https://github.com/AnEntrypoint/gm-config (no project or user config.source.json configured)"}
evt: {"event":"dispatch.end","ms":176,"sess":"adv1","ts":1789939414447,"verb":"browser"}
evt: {"did_sync":false,"event":"recall_vector_phase_timing","namespaces":1,"sess":"gmzellous920","sync_ms":2,"ts":1789939415646}
evt: {"event":"recall_vector_phase_timing","outcome":"ok","search_ms":1,"sess":"gmzellous920","ts":1789939415647}
evt: {"did_sync":false,"event":"recall_vector_phase_timing","namespaces":1,"sess":"gmzellous920","sync_ms":1,"ts":1789939415649}
evt: {"event":"recall_vector_phase_timing","outcome":"ok","search_ms":1,"sess":"gmzellous920","ts":1789939415650}
evt: {"event":"recall","hit":false,"hit_keys":[],"mode":"kv_query","n_hits":0,"namespace":"default","query":"consolidate any upstream changes wireweave any","sess":"gmzellous920","sub":"memory","ts":1789939415650}
evt: {"event":"instruction.served","mutables_pending_count":0,"phase":"PROVE","prd_pending_count":18,"sess":"gmzellous920","ts":1789939415685}
evt: {"event":"dispatch.end","ms":1208,"sess":"gmzellous920","ts":1789939415685,"verb":"instruction"}
evt: {"event":"config_resolved","pinned_sha":"993d816b191e551b95f98bf6d1e643587b1a2edc","sess":"zellous-audit-1789939343-desktop","tier":"implicit_default_repo","ts":1789939416617,"version":1,"why":"gm's own shared default config repo at https://github.com/AnEntrypoint/gm-config (no project or user config.source.json configured)"}
evt: {"event":"config_resolved","pinned_sha":"993d816b191e551b95f98bf6d1e643587b1a2edc","sess":"zellous-audit-1789939343-desktop","tier":"implicit_default_repo","ts":1789939416622,"version":1,"why":"gm's own shared default config repo at https://github.com/AnEntrypoint/gm-config (no project or user config.source.json configured)"}
evt: {"event":"dispatch.end","ms":7731,"sess":"zellous-audit-1789939343-desktop","ts":1789939424343,"verb":"cdp"}
evt: {"event":"config_resolved","pinned_sha":"993d816b191e551b95f98bf6d1e643587b1a2edc","tier":"implicit_default_repo","ts":1789939424348,"version":1,"why":"gm's own shared default config repo at https://github.com/AnEntrypoint/gm-config (no project or user config.source.json configured)"}
evt: {"event":"config_resolved","pinned_sha":"993d816b191e551b95f98bf6d1e643587b1a2edc","tier":"implicit_default_repo","ts":1789939424351,"version":1,"why":"gm's own shared default config repo at https://github.com/AnEntrypoint/gm-config (no project or user config.source.json configured)"}
evt: {"already_identical":false,"event":"prd.added","id":"voice-master-volume-dead","rescoped":false,"ts":1789939424421}
evt: {"event":"dispatch.end","ms":5,"ts":1789939424421,"verb":"prd-add"}
evt: {"already_identical":false,"event":"prd.added","id":"voice-vad-threshold-dead","rescoped":false,"ts":1789939424473}
evt: {"event":"dispatch.end","ms":3,"ts":1789939424473,"verb":"prd-add"}
evt: {"already_identical":false,"event":"prd.added","id":"voice-deafen-live-peers-not-muted","rescoped":false,"ts":1789939424527}
evt: {"event":"dispatch.end","ms":3,"ts":1789939424527,"verb":"prd-add"}
evt: {"already_identical":false,"event":"prd.added","id":"voice-camera-toggle-stub","rescoped":false,"ts":1789939424584}
evt: {"event":"dispatch.end","ms":4,"ts":1789939424584,"verb":"prd-add"}
evt: {"already_identical":false,"event":"prd.added","id":"voice-output-device-dead","rescoped":false,"ts":1789939424641}
evt: {"event":"dispatch.end","ms":5,"ts":1789939424641,"verb":"prd-add"}
evt: {"event":"dispatch.end","ms":1393,"sess":"adv1","ts":1789939426085,"verb":"browser"}
evt: {"event":"dispatch.end","ms":1663,"sess":"chatqa1","ts":1789939427815,"verb":"cdp"}
evt: {"event":"config_resolved","pinned_sha":"993d816b191e551b95f98bf6d1e643587b1a2edc","tier":"implicit_default_repo","ts":1789939427820,"version":1,"why":"gm's own shared default config repo at https://github.com/AnEntrypoint/gm-config (no project or user config.source.json configured)"}
evt: {"event":"config_resolved","pinned_sha":"993d816b191e551b95f98bf6d1e643587b1a2edc","tier":"implicit_default_repo","ts":1789939427823,"version":1,"why":"gm's own shared default config repo at https://github.com/AnEntrypoint/gm-config (no project or user config.source.json configured)"}
evt: {"did_sync":false,"event":"recall_vector_phase_timing","namespaces":1,"sync_ms":0,"ts":1789939428433}
evt: {"event":"recall_vector_phase_timing","outcome":"ok","search_ms":2,"ts":1789939428435}
evt: {"dim":384,"event":"embed_generation_recorded","key":"b8b6f24106dd526a","model":"BAAI/bge-small-en-v1.5","scope":".gm/.embed-generation.code_chunks","ts":1789939428439}
evt: {"dim":384,"event":"embed_generation_recorded","key":"b8b6f24106dd526a","model":"BAAI/bge-small-en-v1.5","scope":".gm/.embed-generation.memories","ts":1789939428439}
evt: {"event":"dispatch.end","ms":629,"ts":1789939428495,"verb":"codesearch"}
evt: {"event":"dispatch.end","ms":8247,"ts":1789939437583,"verb":"cdp"}
evt: {"event":"config_resolved","pinned_sha":"993d816b191e551b95f98bf6d1e643587b1a2edc","sess":"zellous-audit-1789939343-desktop","tier":"implicit_default_repo","ts":1789939437628,"version":1,"why":"gm's own shared default config repo at https://github.com/AnEntrypoint/gm-config (no project or user config.source.json configured)"}
evt: {"event":"config_resolved","pinned_sha":"993d816b191e551b95f98bf6d1e643587b1a2edc","sess":"zellous-audit-1789939343-desktop","tier":"implicit_default_repo","ts":1789939437631,"version":1,"why":"gm's own shared default config repo at https://github.com/AnEntrypoint/gm-config (no project or user config.source.json configured)"}
evt: {"event":"dispatch.end","ms":196,"sess":"zellous-audit-1789939343-desktop","ts":1789939437821,"verb":"cdp"}
evt: {"event":"dispatch.end","ms":172,"sess":"chatqa1","ts":1789939438055,"verb":"cdp"}
evt: {"event":"dispatch.end","ms":193,"sess":"adv1","ts":1789939438284,"verb":"browser"}
evt: {"event":"config_resolved","pinned_sha":"993d816b191e551b95f98bf6d1e643587b1a2edc","tier":"implicit_default_repo","ts":1789939441298,"version":1,"why":"gm's own shared default config repo at https://github.com/AnEntrypoint/gm-config (no project or user config.source.json configured)"}
evt: {"event":"config_resolved","pinned_sha":"993d816b191e551b95f98bf6d1e643587b1a2edc","tier":"implicit_default_repo","ts":1789939441304,"version":1,"why":"gm's own shared default config repo at https://github.com/AnEntrypoint/gm-config (no project or user config.source.json configured)"}
evt: {"event":"dispatch.end","ms":966,"ts":1789939442240,"verb":"codesearch"}
evt: {"event":"dispatch.end","ms":52,"ts":1789939442359,"verb":"codesearch"}
evt: {"event":"dispatch.end","ms":66,"ts":1789939442501,"verb":"codesearch"}
evt: {"event":"dispatch.end","ms":39,"ts":1789939442580,"verb":"codesearch"}
evt: {"event":"dispatch.end","ms":39,"ts":1789939442635,"verb":"codesearch"}
evt: {"event":"config_resolved","pinned_sha":"993d816b191e551b95f98bf6d1e643587b1a2edc","sess":"zellous-audit-1789939343-desktop","tier":"implicit_default_repo","ts":1789939444691,"version":1,"why":"gm's own shared default config repo at https://github.com/AnEntrypoint/gm-config (no project or user config.source.json configured)"}
evt: {"event":"config_resolved","pinned_sha":"993d816b191e551b95f98bf6d1e643587b1a2edc","sess":"zellous-audit-1789939343-desktop","tier":"implicit_default_repo","ts":1789939444694,"version":1,"why":"gm's own shared default config repo at https://github.com/AnEntrypoint/gm-config (no project or user config.source.json configured)"}
evt: {"event":"dispatch.end","ms":415,"sess":"zellous-audit-1789939343-desktop","ts":1789939445102,"verb":"cdp"}
evt: {"event":"dispatch.end","ms":2379,"sess":"chatqa1","ts":1789939447870,"verb":"cdp"}
evt: {"event":"config_resolved","pinned_sha":"993d816b191e551b95f98bf6d1e643587b1a2edc","tier":"implicit_default_repo","ts":1789939448102,"version":1,"why":"gm's own shared default config repo at https://github.com/AnEntrypoint/gm-config (no project or user config.source.json configured)"}
evt: {"event":"config_resolved","pinned_sha":"993d816b191e551b95f98bf6d1e643587b1a2edc","tier":"implicit_default_repo","ts":1789939448105,"version":1,"why":"gm's own shared default config repo at https://github.com/AnEntrypoint/gm-config (no project or user config.source.json configured)"}
evt: {"event":"dispatch.end","ms":7422,"ts":1789939455576,"verb":"cdp"}
evt: {"event":"config_resolved","pinned_sha":"993d816b191e551b95f98bf6d1e643587b1a2edc","sess":"chatqa1","tier":"implicit_default_repo","ts":1789939455631,"version":1,"why":"gm's own shared default config repo at https://github.com/AnEntrypoint/gm-config (no project or user config.source.json configured)"}
evt: {"event":"config_resolved","pinned_sha":"993d816b191e551b95f98bf6d1e643587b1a2edc","sess":"chatqa1","tier":"implicit_default_repo","ts":1789939455633,"version":1,"why":"gm's own shared default config repo at https://github.com/AnEntrypoint/gm-config (no project or user config.source.json configured)"}
evt: {"event":"dispatch.end","ms":203,"sess":"chatqa1","ts":1789939455831,"verb":"cdp"}
evt: {"event":"dispatch.end","ms":861,"sess":"zellous-audit-1789939343-desktop","ts":1789939456749,"verb":"cdp"}
evt: {"event":"dispatch.end","ms":176,"sess":"adv1","ts":1789939456974,"verb":"browser"}
evt: {"event":"dispatch.end","ms":40,"ts":1789939457045,"verb":"codesearch"}
evt: {"event":"dispatch.end","ms":42,"ts":1789939457102,"verb":"codesearch"}
evt: {"event":"dispatch.end","ms":39,"ts":1789939457166,"verb":"codesearch"}
evt: {"event":"dispatch.end","ms":42,"ts":1789939457226,"verb":"codesearch"}
evt: {"event":"dispatch.end","ms":43,"ts":1789939457283,"verb":"codesearch"}
evt: {"event":"dispatch.end","ms":39,"ts":1789939457335,"verb":"codesearch"}
evt: {"event":"dispatch.end","ms":40,"ts":1789939457397,"verb":"codesearch"}
evt: {"event":"dispatch.end","ms":38,"ts":1789939457448,"verb":"codesearch"}
evt: {"event":"config_resolved","pinned_sha":"993d816b191e551b95f98bf6d1e643587b1a2edc","sess":"chatqa1","tier":"implicit_default_repo","ts":1789939460743,"version":1,"why":"gm's own shared default config repo at https://github.com/AnEntrypoint/gm-config (no project or user config.source.json configured)"}
evt: {"event":"config_resolved","pinned_sha":"993d816b191e551b95f98bf6d1e643587b1a2edc","sess":"chatqa1","tier":"implicit_default_repo","ts":1789939460746,"version":1,"why":"gm's own shared default config repo at https://github.com/AnEntrypoint/gm-config (no project or user config.source.json configured)"}
evt: {"event":"dispatch.end","ms":2677,"sess":"chatqa1","ts":1789939463418,"verb":"cdp"}
evt: {"event":"config_resolved","pinned_sha":"993d816b191e551b95f98bf6d1e643587b1a2edc","tier":"implicit_default_repo","ts":1789939463423,"version":1,"why":"gm's own shared default config repo at https://github.com/AnEntrypoint/gm-config (no project or user config.source.json configured)"}
evt: {"event":"config_resolved","pinned_sha":"993d816b191e551b95f98bf6d1e643587b1a2edc","tier":"implicit_default_repo","ts":1789939463425,"version":1,"why":"gm's own shared default config repo at https://github.com/AnEntrypoint/gm-config (no project or user config.source.json configured)"}
evt: {"event":"dispatch.end","ms":21,"sess":"adv1","ts":1789939463679,"verb":"browser"}
evt: {"event":"dispatch.end","ms":8165,"ts":1789939473422,"verb":"cdp"}
evt: {"event":"config_resolved","pinned_sha":"993d816b191e551b95f98bf6d1e643587b1a2edc","sess":"chatqa1","tier":"implicit_default_repo","ts":1789939473437,"version":1,"why":"gm's own shared default config repo at https://github.com/AnEntrypoint/gm-config (no project or user config.source.json configured)"}
evt: {"event":"config_resolved","pinned_sha":"993d816b191e551b95f98bf6d1e643587b1a2edc","sess":"chatqa1","tier":"implicit_default_repo","ts":1789939473440,"version":1,"why":"gm's own shared default config repo at https://github.com/AnEntrypoint/gm-config (no project or user config.source.json configured)"}
evt: {"event":"dispatch.end","ms":196,"sess":"chatqa1","ts":1789939473628,"verb":"cdp"}
evt: {"event":"dispatch.end","ms":324,"sess":"zellous-audit-1789939343-desktop","ts":1789939474013,"verb":"cdp"}
evt: {"event":"dispatch.end","ms":279,"sess":"adv1","ts":1789939475219,"verb":"browser"}
evt: {"event":"config_resolved","pinned_sha":"993d816b191e551b95f98bf6d1e643587b1a2edc","sess":"chatqa1","tier":"implicit_default_repo","ts":1789939479371,"version":1,"why":"gm's own shared default config repo at https://github.com/AnEntrypoint/gm-config (no project or user config.source.json configured)"}
evt: {"event":"config_resolved","pinned_sha":"993d816b191e551b95f98bf6d1e643587b1a2edc","sess":"chatqa1","tier":"implicit_default_repo","ts":1789939479373,"version":1,"why":"gm's own shared default config repo at https://github.com/AnEntrypoint/gm-config (no project or user config.source.json configured)"}
evt: {"event":"dispatch.end","ms":168,"sess":"chatqa1","ts":1789939479536,"verb":"cdp"}
evt: {"event":"dispatch.end","ms":12762,"ts":1789939494000,"verb":"cdp"}
evt: {"event":"config_resolved","pinned_sha":"993d816b191e551b95f98bf6d1e643587b1a2edc","sess":"zellous-audit-1789939343-desktop","tier":"implicit_default_repo","ts":1789939494099,"version":1,"why":"gm's own shared default config repo at https://github.com/AnEntrypoint/gm-config (no project or user config.source.json configured)"}
evt: {"event":"config_resolved","pinned_sha":"993d816b191e551b95f98bf6d1e643587b1a2edc","sess":"zellous-audit-1789939343-desktop","tier":"implicit_default_repo","ts":1789939494102,"version":1,"why":"gm's own shared default config repo at https://github.com/AnEntrypoint/gm-config (no project or user config.source.json configured)"}
evt: {"event":"dispatch.end","ms":1415,"sess":"zellous-audit-1789939343-desktop","ts":1789939495512,"verb":"cdp"}
evt: {"event":"dispatch.end","ms":472,"sess":"chatqa1","ts":1789939496088,"verb":"cdp"}
evt: {"event":"config_resolved","pinned_sha":"993d816b191e551b95f98bf6d1e643587b1a2edc","tier":"implicit_default_repo","ts":1789939496106,"version":1,"why":"gm's own shared default config repo at https://github.com/AnEntrypoint/gm-config (no project or user config.source.json configured)"}
evt: {"event":"config_resolved","pinned_sha":"993d816b191e551b95f98bf6d1e643587b1a2edc","tier":"implicit_default_repo","ts":1789939496139,"version":1,"why":"gm's own shared default config repo at https://github.com/AnEntrypoint/gm-config (no project or user config.source.json configured)"}
evt: {"event":"config_resolved","pinned_sha":"993d816b191e551b95f98bf6d1e643587b1a2edc","tier":"implicit_default_repo","ts":1789939507048,"version":1,"why":"gm's own shared default config repo at https://github.com/AnEntrypoint/gm-config (no project or user config.source.json configured)"}
evt: {"event":"config_resolved","pinned_sha":"993d816b191e551b95f98bf6d1e643587b1a2edc","tier":"implicit_default_repo","ts":1789939507080,"version":1,"why":"gm's own shared default config repo at https://github.com/AnEntrypoint/gm-config (no project or user config.source.json configured)"}
evt: {"event":"dispatch.end","ms":14324,"ts":1789939521262,"verb":"cdp"}
evt: {"event":"config_resolved","pinned_sha":"993d816b191e551b95f98bf6d1e643587b1a2edc","tier":"implicit_default_repo","ts":1789939521392,"version":1,"why":"gm's own shared default config repo at https://github.com/AnEntrypoint/gm-config (no project or user config.source.json configured)"}
evt: {"event":"config_resolved","pinned_sha":"993d816b191e551b95f98bf6d1e643587b1a2edc","tier":"implicit_default_repo","ts":1789939521395,"version":1,"why":"gm's own shared default config repo at https://github.com/AnEntrypoint/gm-config (no project or user config.source.json configured)"}
evt: {"already_identical":false,"event":"prd.added","id":"voice-audio-queue-overlay-entirely-unreachable","rescoped":false,"ts":1789939521399}
evt: {"event":"dispatch.end","ms":21,"ts":1789939521399,"verb":"prd-add"}
evt: {"event":"dispatch.end","ms":170,"sess":"chatqa1","ts":1789939521603,"verb":"cdp"}
evt: {"event":"dispatch.end","ms":167,"sess":"zellous-audit-1789939343-desktop","ts":1789939521806,"verb":"cdp"}
evt: {"event":"dispatch.end","ms":164,"sess":"adv1","ts":1789939523438,"verb":"browser"}
evt: {"event":"config_resolved","pinned_sha":"993d816b191e551b95f98bf6d1e643587b1a2edc","tier":"implicit_default_repo","ts":1789939523443,"version":1,"why":"gm's own shared default config repo at https://github.com/AnEntrypoint/gm-config (no project or user config.source.json configured)"}
evt: {"event":"config_resolved","pinned_sha":"993d816b191e551b95f98bf6d1e643587b1a2edc","tier":"implicit_default_repo","ts":1789939523445,"version":1,"why":"gm's own shared default config repo at https://github.com/AnEntrypoint/gm-config (no project or user config.source.json configured)"}
evt: {"event":"config_resolved","pinned_sha":"993d816b191e551b95f98bf6d1e643587b1a2edc","tier":"implicit_default_repo","ts":1789939526410,"version":1,"why":"gm's own shared default config repo at https://github.com/AnEntrypoint/gm-config (no project or user config.source.json configured)"}
evt: {"event":"config_resolved","pinned_sha":"993d816b191e551b95f98bf6d1e643587b1a2edc","tier":"implicit_default_repo","ts":1789939526412,"version":1,"why":"gm's own shared default config repo at https://github.com/AnEntrypoint/gm-config (no project or user config.source.json configured)"}
evt: {"event":"dispatch.end","ms":18,"ts":1789939526425,"verb":"codesearch"}
evt: {"event":"dispatch.end","ms":859,"sess":"zellous-audit-1789939343-desktop","ts":1789939528988,"verb":"cdp"}
evt: {"event":"config_resolved","pinned_sha":"993d816b191e551b95f98bf6d1e643587b1a2edc","tier":"implicit_default_repo","ts":1789939528993,"version":1,"why":"gm's own shared default config repo at https://github.com/AnEntrypoint/gm-config (no project or user config.source.json configured)"}
evt: {"event":"config_resolved","pinned_sha":"993d816b191e551b95f98bf6d1e643587b1a2edc","tier":"implicit_default_repo","ts":1789939528996,"version":1,"why":"gm's own shared default config repo at https://github.com/AnEntrypoint/gm-config (no project or user config.source.json configured)"}
evt: {"event":"dispatch.end","ms":30086,"ts":1789939559607,"verb":"browser"}
evt: {"event":"config_resolved","pinned_sha":"993d816b191e551b95f98bf6d1e643587b1a2edc","sess":"zellous-audit-1789939343-desktop","tier":"implicit_default_repo","ts":1789939559663,"version":1,"why":"gm's own shared default config repo at https://github.com/AnEntrypoint/gm-config (no project or user config.source.json configured)"}
evt: {"event":"config_resolved","pinned_sha":"993d816b191e551b95f98bf6d1e643587b1a2edc","sess":"zellous-audit-1789939343-desktop","tier":"implicit_default_repo","ts":1789939559668,"version":1,"why":"gm's own shared default config repo at https://github.com/AnEntrypoint/gm-config (no project or user config.source.json configured)"}
evt: {"event":"dispatch.end","ms":259,"sess":"zellous-audit-1789939343-desktop","ts":1789939559916,"verb":"cdp"}
evt: {"event":"dispatch.end","ms":6813,"ts":1789939566775,"verb":"cdp"}
evt: {"event":"config_resolved","pinned_sha":"993d816b191e551b95f98bf6d1e643587b1a2edc","tier":"implicit_default_repo","ts":1789939566787,"version":1,"why":"gm's own shared default config repo at https://github.com/AnEntrypoint/gm-config (no project or user config.source.json configured)"}
evt: {"event":"config_resolved","pinned_sha":"993d816b191e551b95f98bf6d1e643587b1a2edc","tier":"implicit_default_repo","ts":1789939566790,"version":1,"why":"gm's own shared default config repo at https://github.com/AnEntrypoint/gm-config (no project or user config.source.json configured)"}
evt: {"event":"dispatch.end","ms":30099,"ts":1789939596883,"verb":"cdp"}
evt: {"event":"config_resolved","pinned_sha":"993d816b191e551b95f98bf6d1e643587b1a2edc","sess":"zellous-audit-1789939343-desktop","tier":"implicit_default_repo","ts":1789939596940,"version":1,"why":"gm's own shared default config repo at https://github.com/AnEntrypoint/gm-config (no project or user config.source.json configured)"}
evt: {"event":"config_resolved","pinned_sha":"993d816b191e551b95f98bf6d1e643587b1a2edc","sess":"zellous-audit-1789939343-desktop","tier":"implicit_default_repo","ts":1789939597985,"version":1,"why":"gm's own shared default config repo at https://github.com/AnEntrypoint/gm-config (no project or user config.source.json configured)"}
evt: {"event":"dispatch.end","ms":1283,"sess":"zellous-audit-1789939343-desktop","ts":1789939598216,"verb":"cdp"}
evt: {"event":"dispatch.end","ms":7473,"ts":1789939605773,"verb":"cdp"}
evt: {"event":"config_resolved","pinned_sha":"993d816b191e551b95f98bf6d1e643587b1a2edc","tier":"implicit_default_repo","ts":1789939605829,"version":1,"why":"gm's own shared default config repo at https://github.com/AnEntrypoint/gm-config (no project or user config.source.json configured)"}
evt: {"event":"config_resolved","pinned_sha":"993d816b191e551b95f98bf6d1e643587b1a2edc","tier":"implicit_default_repo","ts":1789939605832,"version":1,"why":"gm's own shared default config repo at https://github.com/AnEntrypoint/gm-config (no project or user config.source.json configured)"}
evt: {"event":"dispatch.end","ms":30096,"ts":1789939635922,"verb":"cdp"}
evt: {"event":"config_resolved","pinned_sha":"993d816b191e551b95f98bf6d1e643587b1a2edc","tier":"implicit_default_repo","ts":1789939635982,"version":1,"why":"gm's own shared default config repo at https://github.com/AnEntrypoint/gm-config (no project or user config.source.json configured)"}
evt: {"event":"config_resolved","pinned_sha":"993d816b191e551b95f98bf6d1e643587b1a2edc","tier":"implicit_default_repo","ts":1789939635990,"version":1,"why":"gm's own shared default config repo at https://github.com/AnEntrypoint/gm-config (no project or user config.source.json configured)"}
evt: {"event":"dispatch.end","ms":6786,"ts":1789939642759,"verb":"cdp"}
evt: {"event":"config_resolved","pinned_sha":"993d816b191e551b95f98bf6d1e643587b1a2edc","sess":"zellous-audit-1789939343-desktop","tier":"implicit_default_repo","ts":1789939642805,"version":1,"why":"gm's own shared default config repo at https://github.com/AnEntrypoint/gm-config (no project or user config.source.json configured)"}
evt: {"event":"config_resolved","pinned_sha":"993d816b191e551b95f98bf6d1e643587b1a2edc","sess":"zellous-audit-1789939343-desktop","tier":"implicit_default_repo","ts":1789939642809,"version":1,"why":"gm's own shared default config repo at https://github.com/AnEntrypoint/gm-config (no project or user config.source.json configured)"}
evt: {"event":"dispatch.end","ms":257,"sess":"zellous-audit-1789939343-desktop","ts":1789939643059,"verb":"cdp"}
evt: {"event":"dispatch.end","ms":165,"sess":"adv1","ts":1789939643275,"verb":"browser"}
evt: {"event":"dispatch.end","ms":46,"ts":1789939643364,"verb":"codesearch"}
evt: {"event":"config_resolved","pinned_sha":"993d816b191e551b95f98bf6d1e643587b1a2edc","sess":"adv1","tier":"implicit_default_repo","ts":1789939650368,"version":1,"why":"gm's own shared default config repo at https://github.com/AnEntrypoint/gm-config (no project or user config.source.json configured)"}
evt: {"event":"config_resolved","pinned_sha":"993d816b191e551b95f98bf6d1e643587b1a2edc","sess":"adv1","tier":"implicit_default_repo","ts":1789939650371,"version":1,"why":"gm's own shared default config repo at https://github.com/AnEntrypoint/gm-config (no project or user config.source.json configured)"}
evt: {"event":"dispatch.end","ms":172,"sess":"adv1","ts":1789939650537,"verb":"browser"}
evt: {"event":"dispatch.end","ms":73,"ts":1789939651517,"verb":"codesearch"}
evt: {"event":"config_resolved","pinned_sha":"993d816b191e551b95f98bf6d1e643587b1a2edc","sess":"chatqa1","tier":"implicit_default_repo","ts":1789939662248,"version":1,"why":"gm's own shared default config repo at https://github.com/AnEntrypoint/gm-config (no project or user config.source.json configured)"}
evt: {"event":"config_resolved","pinned_sha":"993d816b191e551b95f98bf6d1e643587b1a2edc","sess":"chatqa1","tier":"implicit_default_repo","ts":1789939662250,"version":1,"why":"gm's own shared default config repo at https://github.com/AnEntrypoint/gm-config (no project or user config.source.json configured)"}
evt: {"event":"dispatch.end","ms":167,"sess":"chatqa1","ts":1789939662412,"verb":"cdp"}
evt: {"event":"dispatch.end","ms":143,"sess":"adv1","ts":1789939664250,"verb":"browser"}
evt: {"event":"config_resolved","pinned_sha":"993d816b191e551b95f98bf6d1e643587b1a2edc","tier":"implicit_default_repo","ts":1789939664256,"version":1,"why":"gm's own shared default config repo at https://github.com/AnEntrypoint/gm-config (no project or user config.source.json configured)"}
evt: {"event":"config_resolved","pinned_sha":"993d816b191e551b95f98bf6d1e643587b1a2edc","tier":"implicit_default_repo","ts":1789939664259,"version":1,"why":"gm's own shared default config repo at https://github.com/AnEntrypoint/gm-config (no project or user config.source.json configured)"}
evt: {"event":"config_resolved","pinned_sha":"993d816b191e551b95f98bf6d1e643587b1a2edc","sess":"chatqa1","tier":"implicit_default_repo","ts":1789939667937,"version":1,"why":"gm's own shared default config repo at https://github.com/AnEntrypoint/gm-config (no project or user config.source.json configured)"}
evt: {"event":"config_resolved","pinned_sha":"993d816b191e551b95f98bf6d1e643587b1a2edc","sess":"chatqa1","tier":"implicit_default_repo","ts":1789939667940,"version":1,"why":"gm's own shared default config repo at https://github.com/AnEntrypoint/gm-config (no project or user config.source.json configured)"}
evt: {"event":"dispatch.end","ms":27,"sess":"chatqa1","ts":1789939667962,"verb":"cdp"}
evt: {"event":"config_resolved","pinned_sha":"993d816b191e551b95f98bf6d1e643587b1a2edc","sess":"chatqa1","tier":"implicit_default_repo","ts":1789939674818,"version":1,"why":"gm's own shared default config repo at https://github.com/AnEntrypoint/gm-config (no project or user config.source.json configured)"}
evt: {"event":"config_resolved","pinned_sha":"993d816b191e551b95f98bf6d1e643587b1a2edc","sess":"chatqa1","tier":"implicit_default_repo","ts":1789939674821,"version":1,"why":"gm's own shared default config repo at https://github.com/AnEntrypoint/gm-config (no project or user config.source.json configured)"}
evt: {"event":"dispatch.end","ms":248,"sess":"chatqa1","ts":1789939675064,"verb":"cdp"}
evt: {"event":"dispatch.end","ms":150,"sess":"adv1","ts":1789939676015,"verb":"browser"}
evt: {"event":"config_resolved","pinned_sha":"993d816b191e551b95f98bf6d1e643587b1a2edc","sess":"chatqa1","tier":"implicit_default_repo","ts":1789939685536,"version":1,"why":"gm's own shared default config repo at https://github.com/AnEntrypoint/gm-config (no project or user config.source.json configured)"}
evt: {"event":"config_resolved","pinned_sha":"993d816b191e551b95f98bf6d1e643587b1a2edc","sess":"chatqa1","tier":"implicit_default_repo","ts":1789939685539,"version":1,"why":"gm's own shared default config repo at https://github.com/AnEntrypoint/gm-config (no project or user config.source.json configured)"}
evt: {"event":"dispatch.end","ms":2896,"sess":"chatqa1","ts":1789939688430,"verb":"cdp"}
evt: {"event":"config_resolved","pinned_sha":"993d816b191e551b95f98bf6d1e643587b1a2edc","tier":"implicit_default_repo","ts":1789939688436,"version":1,"why":"gm's own shared default config repo at https://github.com/AnEntrypoint/gm-config (no project or user config.source.json configured)"}
evt: {"event":"config_resolved","pinned_sha":"993d816b191e551b95f98bf6d1e643587b1a2edc","tier":"implicit_default_repo","ts":1789939688439,"version":1,"why":"gm's own shared default config repo at https://github.com/AnEntrypoint/gm-config (no project or user config.source.json configured)"}
evt: {"event":"dispatch.end","ms":165,"sess":"adv1","ts":1789939688667,"verb":"browser"}
evt: {"event":"config_resolved","pinned_sha":"993d816b191e551b95f98bf6d1e643587b1a2edc","sess":"chatqa1","tier":"implicit_default_repo","ts":1789939693593,"version":1,"why":"gm's own shared default config repo at https://github.com/AnEntrypoint/gm-config (no project or user config.source.json configured)"}
evt: {"event":"config_resolved","pinned_sha":"993d816b191e551b95f98bf6d1e643587b1a2edc","sess":"chatqa1","tier":"implicit_default_repo","ts":1789939693597,"version":1,"why":"gm's own shared default config repo at https://github.com/AnEntrypoint/gm-config (no project or user config.source.json configured)"}
evt: {"event":"dispatch.end","ms":235,"sess":"chatqa1","ts":1789939693825,"verb":"cdp"}
evt: {"event":"config_resolved","pinned_sha":"993d816b191e551b95f98bf6d1e643587b1a2edc","tier":"implicit_default_repo","ts":1789939699170,"version":1,"why":"gm's own shared default config repo at https://github.com/AnEntrypoint/gm-config (no project or user config.source.json configured)"}
evt: {"event":"config_resolved","pinned_sha":"993d816b191e551b95f98bf6d1e643587b1a2edc","tier":"implicit_default_repo","ts":1789939699173,"version":1,"why":"gm's own shared default config repo at https://github.com/AnEntrypoint/gm-config (no project or user config.source.json configured)"}
evt: {"event":"dispatch.end","ms":45,"ts":1789939699213,"verb":"codesearch"}
evt: {"event":"config_resolved","pinned_sha":"993d816b191e551b95f98bf6d1e643587b1a2edc","tier":"implicit_default_repo","ts":1789939702702,"version":1,"why":"gm's own shared default config repo at https://github.com/AnEntrypoint/gm-config (no project or user config.source.json configured)"}
evt: {"event":"config_resolved","pinned_sha":"993d816b191e551b95f98bf6d1e643587b1a2edc","tier":"implicit_default_repo","ts":1789939702704,"version":1,"why":"gm's own shared default config repo at https://github.com/AnEntrypoint/gm-config (no project or user config.source.json configured)"}
evt: {"event":"dispatch.end","ms":45,"ts":1789939702744,"verb":"codesearch"}
evt: {"event":"config_resolved","pinned_sha":"993d816b191e551b95f98bf6d1e643587b1a2edc","sess":"chatqa1","tier":"implicit_default_repo","ts":1789939711663,"version":1,"why":"gm's own shared default config repo at https://github.com/AnEntrypoint/gm-config (no project or user config.source.json configured)"}
evt: {"event":"config_resolved","pinned_sha":"993d816b191e551b95f98bf6d1e643587b1a2edc","sess":"chatqa1","tier":"implicit_default_repo","ts":1789939711665,"version":1,"why":"gm's own shared default config repo at https://github.com/AnEntrypoint/gm-config (no project or user config.source.json configured)"}
evt: {"event":"dispatch.end","ms":160,"sess":"chatqa1","ts":1789939711820,"verb":"cdp"}
evt: {"event":"config_resolved","pinned_sha":"993d816b191e551b95f98bf6d1e643587b1a2edc","tier":"implicit_default_repo","ts":1789939727611,"version":1,"why":"gm's own shared default config repo at https://github.com/AnEntrypoint/gm-config (no project or user config.source.json configured)"}
evt: {"event":"config_resolved","pinned_sha":"993d816b191e551b95f98bf6d1e643587b1a2edc","tier":"implicit_default_repo","ts":1789939727613,"version":1,"why":"gm's own shared default config repo at https://github.com/AnEntrypoint/gm-config (no project or user config.source.json configured)"}
evt: {"event":"dispatch.end","ms":39,"ts":1789939727647,"verb":"codesearch"}
evt: {"event":"config_resolved","pinned_sha":"993d816b191e551b95f98bf6d1e643587b1a2edc","tier":"implicit_default_repo","ts":1789939740151,"version":1,"why":"gm's own shared default config repo at https://github.com/AnEntrypoint/gm-config (no project or user config.source.json configured)"}
evt: {"event":"config_resolved","pinned_sha":"993d816b191e551b95f98bf6d1e643587b1a2edc","tier":"implicit_default_repo","ts":1789939740154,"version":1,"why":"gm's own shared default config repo at https://github.com/AnEntrypoint/gm-config (no project or user config.source.json configured)"}
evt: {"event":"dispatch.end","ms":48,"ts":1789939740196,"verb":"codesearch"}
evt: {"event":"config_resolved","pinned_sha":"993d816b191e551b95f98bf6d1e643587b1a2edc","tier":"implicit_default_repo","ts":1789939751715,"version":1,"why":"gm's own shared default config repo at https://github.com/AnEntrypoint/gm-config (no project or user config.source.json configured)"}
evt: {"event":"config_resolved","pinned_sha":"993d816b191e551b95f98bf6d1e643587b1a2edc","tier":"implicit_default_repo","ts":1789939751718,"version":1,"why":"gm's own shared default config repo at https://github.com/AnEntrypoint/gm-config (no project or user config.source.json configured)"}
evt: {"event":"dispatch.end","ms":45,"ts":1789939751758,"verb":"codesearch"}
evt: {"event":"config_resolved","pinned_sha":"993d816b191e551b95f98bf6d1e643587b1a2edc","sess":"adv1","tier":"implicit_default_repo","ts":1789939804297,"version":1,"why":"gm's own shared default config repo at https://github.com/AnEntrypoint/gm-config (no project or user config.source.json configured)"}
evt: {"event":"config_resolved","pinned_sha":"993d816b191e551b95f98bf6d1e643587b1a2edc","sess":"adv1","tier":"implicit_default_repo","ts":1789939804300,"version":1,"why":"gm's own shared default config repo at https://github.com/AnEntrypoint/gm-config (no project or user config.source.json configured)"}
evt: {"event":"dispatch.end","ms":1382,"sess":"adv1","ts":1789939805677,"verb":"browser"}
evt: {"event":"config_resolved","pinned_sha":"993d816b191e551b95f98bf6d1e643587b1a2edc","sess":"adv1","tier":"implicit_default_repo","ts":1789939814944,"version":1,"why":"gm's own shared default config repo at https://github.com/AnEntrypoint/gm-config (no project or user config.source.json configured)"}
evt: {"event":"config_resolved","pinned_sha":"993d816b191e551b95f98bf6d1e643587b1a2edc","sess":"adv1","tier":"implicit_default_repo","ts":1789939814947,"version":1,"why":"gm's own shared default config repo at https://github.com/AnEntrypoint/gm-config (no project or user config.source.json configured)"}
evt: {"event":"dispatch.end","ms":155,"sess":"adv1","ts":1789939815097,"verb":"browser"}
evt: {"event":"config_resolved","pinned_sha":"993d816b191e551b95f98bf6d1e643587b1a2edc","sess":"adv1","tier":"implicit_default_repo","ts":1789939825053,"version":1,"why":"gm's own shared default config repo at https://github.com/AnEntrypoint/gm-config (no project or user config.source.json configured)"}
evt: {"event":"config_resolved","pinned_sha":"993d816b191e551b95f98bf6d1e643587b1a2edc","sess":"adv1","tier":"implicit_default_repo","ts":1789939825056,"version":1,"why":"gm's own shared default config repo at https://github.com/AnEntrypoint/gm-config (no project or user config.source.json configured)"}
evt: {"event":"dispatch.end","ms":570,"sess":"adv1","ts":1789939825621,"verb":"browser"}
evt: {"event":"config_resolved","pinned_sha":"993d816b191e551b95f98bf6d1e643587b1a2edc","sess":"adv1","tier":"implicit_default_repo","ts":1789939836098,"version":1,"why":"gm's own shared default config repo at https://github.com/AnEntrypoint/gm-config (no project or user config.source.json configured)"}
evt: {"event":"config_resolved","pinned_sha":"993d816b191e551b95f98bf6d1e643587b1a2edc","sess":"adv1","tier":"implicit_default_repo","ts":1789939836100,"version":1,"why":"gm's own shared default config repo at https://github.com/AnEntrypoint/gm-config (no project or user config.source.json configured)"}
evt: {"event":"dispatch.end","ms":148,"sess":"adv1","ts":1789939836243,"verb":"browser"}
evt: {"event":"config_resolved","pinned_sha":"993d816b191e551b95f98bf6d1e643587b1a2edc","sess":"zva1desktop","tier":"implicit_default_repo","ts":1789939840483,"version":1,"why":"gm's own shared default config repo at https://github.com/AnEntrypoint/gm-config (no project or user config.source.json configured)"}
evt: {"event":"config_resolved","pinned_sha":"993d816b191e551b95f98bf6d1e643587b1a2edc","sess":"zva1desktop","tier":"implicit_default_repo","ts":1789939840487,"version":1,"why":"gm's own shared default config repo at https://github.com/AnEntrypoint/gm-config (no project or user config.source.json configured)"}
evt: {"event":"dispatch.end","ms":1497,"sess":"zva1desktop","ts":1789939841977,"verb":"cdp"}
evt: {"event":"config_resolved","pinned_sha":"993d816b191e551b95f98bf6d1e643587b1a2edc","sess":"zellous-audit-1789939343-desktop","tier":"implicit_default_repo","ts":1789939842628,"version":1,"why":"gm's own shared default config repo at https://github.com/AnEntrypoint/gm-config (no project or user config.source.json configured)"}
evt: {"event":"config_resolved","pinned_sha":"993d816b191e551b95f98bf6d1e643587b1a2edc","sess":"zellous-audit-1789939343-desktop","tier":"implicit_default_repo","ts":1789939842640,"version":1,"why":"gm's own shared default config repo at https://github.com/AnEntrypoint/gm-config (no project or user config.source.json configured)"}
evt: {"event":"dispatch.end","ms":877,"sess":"zellous-audit-1789939343-desktop","ts":1789939843492,"verb":"cdp"}
evt: {"event":"config_resolved","pinned_sha":"993d816b191e551b95f98bf6d1e643587b1a2edc","sess":"zva1desktop","tier":"implicit_default_repo","ts":1789939847892,"version":1,"why":"gm's own shared default config repo at https://github.com/AnEntrypoint/gm-config (no project or user config.source.json configured)"}
evt: {"event":"config_resolved","pinned_sha":"993d816b191e551b95f98bf6d1e643587b1a2edc","sess":"zva1desktop","tier":"implicit_default_repo","ts":1789939847894,"version":1,"why":"gm's own shared default config repo at https://github.com/AnEntrypoint/gm-config (no project or user config.source.json configured)"}
evt: {"event":"dispatch.end","ms":570,"sess":"zellous-audit-1789939343-desktop","ts":1789939848753,"verb":"cdp"}
evt: {"event":"dispatch.end","ms":1396,"sess":"adv1","ts":1789939850219,"verb":"browser"}
evt: {"event":"config_resolved","pinned_sha":"993d816b191e551b95f98bf6d1e643587b1a2edc","tier":"implicit_default_repo","ts":1789939850231,"version":1,"why":"gm's own shared default config repo at https://github.com/AnEntrypoint/gm-config (no project or user config.source.json configured)"}
evt: {"event":"config_resolved","pinned_sha":"993d816b191e551b95f98bf6d1e643587b1a2edc","tier":"implicit_default_repo","ts":1789939850234,"version":1,"why":"gm's own shared default config repo at https://github.com/AnEntrypoint/gm-config (no project or user config.source.json configured)"}
evt: {"event":"dispatch.end","ms":7626,"ts":1789939859026,"verb":"cdp"}
evt: {"event":"config_resolved","pinned_sha":"993d816b191e551b95f98bf6d1e643587b1a2edc","sess":"zva1desktop","tier":"implicit_default_repo","ts":1789939859048,"version":1,"why":"gm's own shared default config repo at https://github.com/AnEntrypoint/gm-config (no project or user config.source.json configured)"}
evt: {"event":"config_resolved","pinned_sha":"993d816b191e551b95f98bf6d1e643587b1a2edc","sess":"zva1desktop","tier":"implicit_default_repo","ts":1789939859052,"version":1,"why":"gm's own shared default config repo at https://github.com/AnEntrypoint/gm-config (no project or user config.source.json configured)"}
evt: {"event":"dispatch.end","ms":480,"sess":"zellous-audit-1789939343-desktop","ts":1789939859578,"verb":"cdp"}
evt: {"event":"dispatch.end","ms":179,"sess":"adv1","ts":1789939859833,"verb":"browser"}
evt: {"event":"config_resolved","pinned_sha":"993d816b191e551b95f98bf6d1e643587b1a2edc","sess":"zva1desktop","tier":"implicit_default_repo","ts":1789939866215,"version":1,"why":"gm's own shared default config repo at https://github.com/AnEntrypoint/gm-config (no project or user config.source.json configured)"}
evt: {"event":"config_resolved","pinned_sha":"993d816b191e551b95f98bf6d1e643587b1a2edc","sess":"zva1desktop","tier":"implicit_default_repo","ts":1789939866218,"version":1,"why":"gm's own shared default config repo at https://github.com/AnEntrypoint/gm-config (no project or user config.source.json configured)"}
evt: {"event":"dispatch.end","ms":147,"sess":"zva1desktop","ts":1789939866360,"verb":"browser"}
evt: {"event":"dispatch.end","ms":578,"sess":"zellous-audit-1789939343-desktop","ts":1789939868214,"verb":"cdp"}
evt: {"event":"config_resolved","pinned_sha":"993d816b191e551b95f98bf6d1e643587b1a2edc","tier":"implicit_default_repo","ts":1789939868231,"version":1,"why":"gm's own shared default config repo at https://github.com/AnEntrypoint/gm-config (no project or user config.source.json configured)"}
evt: {"event":"config_resolved","pinned_sha":"993d816b191e551b95f98bf6d1e643587b1a2edc","tier":"implicit_default_repo","ts":1789939868239,"version":1,"why":"gm's own shared default config repo at https://github.com/AnEntrypoint/gm-config (no project or user config.source.json configured)"}
evt: {"event":"dispatch.end","ms":570,"sess":"adv1","ts":1789939869788,"verb":"browser"}
evt: {"event":"config_resolved","pinned_sha":"993d816b191e551b95f98bf6d1e643587b1a2edc","sess":"zva1desktop","tier":"implicit_default_repo","ts":1789939873068,"version":1,"why":"gm's own shared default config repo at https://github.com/AnEntrypoint/gm-config (no project or user config.source.json configured)"}
evt: {"event":"config_resolved","pinned_sha":"993d816b191e551b95f98bf6d1e643587b1a2edc","sess":"zva1desktop","tier":"implicit_default_repo","ts":1789939873071,"version":1,"why":"gm's own shared default config repo at https://github.com/AnEntrypoint/gm-config (no project or user config.source.json configured)"}
evt: {"event":"config_resolved","pinned_sha":"993d816b191e551b95f98bf6d1e643587b1a2edc","sess":"zellous-audit-1789939343-desktop","tier":"implicit_default_repo","ts":1789939877666,"version":1,"why":"gm's own shared default config repo at https://github.com/AnEntrypoint/gm-config (no project or user config.source.json configured)"}
evt: {"event":"config_resolved","pinned_sha":"993d816b191e551b95f98bf6d1e643587b1a2edc","sess":"zellous-audit-1789939343-desktop","tier":"implicit_default_repo","ts":1789939877669,"version":1,"why":"gm's own shared default config repo at https://github.com/AnEntrypoint/gm-config (no project or user config.source.json configured)"}
evt: {"event":"dispatch.end","ms":979,"sess":"zellous-audit-1789939343-desktop","ts":1789939878643,"verb":"cdp"}
evt: {"event":"dispatch.end","ms":233,"sess":"adv1","ts":1789939878904,"verb":"browser"}
evt: {"event":"config_resolved","pinned_sha":"993d816b191e551b95f98bf6d1e643587b1a2edc","tier":"implicit_default_repo","ts":1789939880040,"version":1,"why":"gm's own shared default config repo at https://github.com/AnEntrypoint/gm-config (no project or user config.source.json configured)"}
evt: {"event":"config_resolved","pinned_sha":"993d816b191e551b95f98bf6d1e643587b1a2edc","tier":"implicit_default_repo","ts":1789939880043,"version":1,"why":"gm's own shared default config repo at https://github.com/AnEntrypoint/gm-config (no project or user config.source.json configured)"}
evt: {"event":"dispatch.end","ms":45,"ts":1789939880083,"verb":"serp"}
evt: {"event":"config_resolved","pinned_sha":"993d816b191e551b95f98bf6d1e643587b1a2edc","sess":"zellous-audit-1789939343-desktop","tier":"implicit_default_repo","ts":1789939884795,"version":1,"why":"gm's own shared default config repo at https://github.com/AnEntrypoint/gm-config (no project or user config.source.json configured)"}
evt: {"event":"config_resolved","pinned_sha":"993d816b191e551b95f98bf6d1e643587b1a2edc","sess":"zellous-audit-1789939343-desktop","tier":"implicit_default_repo","ts":1789939884798,"version":1,"why":"gm's own shared default config repo at https://github.com/AnEntrypoint/gm-config (no project or user config.source.json configured)"}
evt: {"event":"dispatch.end","ms":482,"sess":"zellous-audit-1789939343-desktop","ts":1789939885275,"verb":"cdp"}
evt: {"event":"config_resolved","pinned_sha":"993d816b191e551b95f98bf6d1e643587b1a2edc","sess":"zva1try2","tier":"implicit_default_repo","ts":1789939887518,"version":1,"why":"gm's own shared default config repo at https://github.com/AnEntrypoint/gm-config (no project or user config.source.json configured)"}
evt: {"event":"config_resolved","pinned_sha":"993d816b191e551b95f98bf6d1e643587b1a2edc","sess":"zva1try2","tier":"implicit_default_repo","ts":1789939887520,"version":1,"why":"gm's own shared default config repo at https://github.com/AnEntrypoint/gm-config (no project or user config.source.json configured)"}
evt: {"event":"dispatch.end","ms":2610,"sess":"zva1try2","ts":1789939890125,"verb":"cdp"}
evt: {"event":"config_resolved","pinned_sha":"993d816b191e551b95f98bf6d1e643587b1a2edc","tier":"implicit_default_repo","ts":1789939890142,"version":1,"why":"gm's own shared default config repo at https://github.com/AnEntrypoint/gm-config (no project or user config.source.json configured)"}
evt: {"event":"config_resolved","pinned_sha":"993d816b191e551b95f98bf6d1e643587b1a2edc","tier":"implicit_default_repo","ts":1789939890149,"version":1,"why":"gm's own shared default config repo at https://github.com/AnEntrypoint/gm-config (no project or user config.source.json configured)"}
evt: {"event":"dispatch.end","ms":162,"sess":"adv1","ts":1789939891531,"verb":"browser"}
evt: {"did_sync":false,"event":"recall_vector_phase_timing","namespaces":1,"sync_ms":2,"ts":1789939892793}
evt: {"event":"recall_vector_phase_timing","outcome":"ok","search_ms":2,"ts":1789939892795}
evt: {"did_sync":false,"event":"recall_vector_phase_timing","namespaces":1,"sync_ms":1,"ts":1789939892797}
evt: {"event":"recall_vector_phase_timing","outcome":"ok","search_ms":1,"ts":1789939892798}
evt: {"event":"recall","hit":false,"hit_keys":[],"mode":"kv_query","n_hits":0,"namespace":"default","query":"Adversarial audit Pages kind 30078 Forum","sub":"memory","ts":1789939892798}
evt: {"event":"config_resolved","pinned_sha":"993d816b191e551b95f98bf6d1e643587b1a2edc","tier":"implicit_default_repo","ts":1789939892803,"version":1,"why":"gm's own shared default config repo at https://github.com/AnEntrypoint/gm-config (no project or user config.source.json configured)"}
evt: {"event":"config_resolved","pinned_sha":"993d816b191e551b95f98bf6d1e643587b1a2edc","tier":"implicit_default_repo","ts":1789939892806,"version":1,"why":"gm's own shared default config repo at https://github.com/AnEntrypoint/gm-config (no project or user config.source.json configured)"}
evt: {"dim":384,"event":"embed_generation_recorded","key":"b8b6f24106dd526a","model":"BAAI/bge-small-en-v1.5","scope":".gm/.embed-generation.code_chunks","ts":1789939892845}
evt: {"dim":384,"event":"embed_generation_recorded","key":"b8b6f24106dd526a","model":"BAAI/bge-small-en-v1.5","scope":".gm/.embed-generation.memories","ts":1789939892845}
evt: {"deferred_files":1,"embedded":0,"event":"codeinsight_index_partial","files_indexed":27,"ts":1789939893182}
evt: {"event":"instruction.served","mutables_pending_count":0,"phase":"PROVE","prd_pending_count":24,"ts":1789939893185}
evt: {"event":"dispatch.end","ms":1564,"ts":1789939893186,"verb":"instruction"}
evt: {"event":"dispatch.end","ms":892,"sess":"zellous-audit-1789939343-desktop","ts":1789939894122,"verb":"cdp"}
evt: {"event":"dispatch.end","ms":3201,"sess":"zva1try2","ts":1789939897909,"verb":"cdp"}
evt: {"event":"config_resolved","pinned_sha":"993d816b191e551b95f98bf6d1e643587b1a2edc","tier":"implicit_default_repo","ts":1789939897915,"version":1,"why":"gm's own shared default config repo at https://github.com/AnEntrypoint/gm-config (no project or user config.source.json configured)"}
evt: {"event":"config_resolved","pinned_sha":"993d816b191e551b95f98bf6d1e643587b1a2edc","tier":"implicit_default_repo","ts":1789939898851,"version":1,"why":"gm's own shared default config repo at https://github.com/AnEntrypoint/gm-config (no project or user config.source.json configured)"}
evt: {"event":"config_resolved","pinned_sha":"993d816b191e551b95f98bf6d1e643587b1a2edc","tier":"implicit_default_repo","ts":1789939901840,"version":1,"why":"gm's own shared default config repo at https://github.com/AnEntrypoint/gm-config (no project or user config.source.json configured)"}
evt: {"event":"config_resolved","pinned_sha":"993d816b191e551b95f98bf6d1e643587b1a2edc","tier":"implicit_default_repo","ts":1789939901843,"version":1,"why":"gm's own shared default config repo at https://github.com/AnEntrypoint/gm-config (no project or user config.source.json configured)"}
evt: {"event":"dispatch.end","ms":46,"ts":1789939901883,"verb":"codesearch"}
evt: {"event":"dispatch.end","ms":465,"sess":"adv1","ts":1789939902856,"verb":"browser"}
evt: {"event":"config_resolved","pinned_sha":"993d816b191e551b95f98bf6d1e643587b1a2edc","sess":"zellous-audit-1789939343-desktop","tier":"implicit_default_repo","ts":1789939904158,"version":1,"why":"gm's own shared default config repo at https://github.com/AnEntrypoint/gm-config (no project or user config.source.json configured)"}
evt: {"event":"config_resolved","pinned_sha":"993d816b191e551b95f98bf6d1e643587b1a2edc","sess":"zellous-audit-1789939343-desktop","tier":"implicit_default_repo","ts":1789939904161,"version":1,"why":"gm's own shared default config repo at https://github.com/AnEntrypoint/gm-config (no project or user config.source.json configured)"}
evt: {"event":"dispatch.end","ms":153,"sess":"zellous-audit-1789939343-desktop","ts":1789939904308,"verb":"cdp"}
evt: {"event":"dispatch.end","ms":184,"sess":"zva1try2","ts":1789939906296,"verb":"cdp"}
evt: {"event":"config_resolved","pinned_sha":"993d816b191e551b95f98bf6d1e643587b1a2edc","tier":"implicit_default_repo","ts":1789939906307,"version":1,"why":"gm's own shared default config repo at https://github.com/AnEntrypoint/gm-config (no project or user config.source.json configured)"}
evt: {"event":"config_resolved","pinned_sha":"993d816b191e551b95f98bf6d1e643587b1a2edc","tier":"implicit_default_repo","ts":1789939906311,"version":1,"why":"gm's own shared default config repo at https://github.com/AnEntrypoint/gm-config (no project or user config.source.json configured)"}
evt: {"event":"dispatch.end","ms":74,"ts":1789939906442,"verb":"codesearch"}
evt: {"event":"dispatch.end","ms":74,"ts":1789939906548,"verb":"codesearch"}
evt: {"event":"dispatch.end","ms":14,"ts":1789939906594,"verb":"codesearch"}
evt: {"event":"dispatch.end","ms":65,"ts":1789939906711,"verb":"codesearch"}
evt: {"event":"config_resolved","pinned_sha":"993d816b191e551b95f98bf6d1e643587b1a2edc","tier":"implicit_default_repo","ts":1789939911673,"version":1,"why":"gm's own shared default config repo at https://github.com/AnEntrypoint/gm-config (no project or user config.source.json configured)"}
evt: {"event":"config_resolved","pinned_sha":"993d816b191e551b95f98bf6d1e643587b1a2edc","tier":"implicit_default_repo","ts":1789939911676,"version":1,"why":"gm's own shared default config repo at https://github.com/AnEntrypoint/gm-config (no project or user config.source.json configured)"}
evt: {"event":"dispatch.end","ms":47,"ts":1789939911717,"verb":"codesearch"}
evt: {"event":"dispatch.end","ms":41,"ts":1789939912014,"verb":"codesearch"}
evt: {"event":"config_resolved","pinned_sha":"993d816b191e551b95f98bf6d1e643587b1a2edc","sess":"zva1try2","tier":"implicit_default_repo","ts":1789939913810,"version":1,"why":"gm's own shared default config repo at https://github.com/AnEntrypoint/gm-config (no project or user config.source.json configured)"}
evt: {"event":"config_resolved","pinned_sha":"993d816b191e551b95f98bf6d1e643587b1a2edc","sess":"zva1try2","tier":"implicit_default_repo","ts":1789939913813,"version":1,"why":"gm's own shared default config repo at https://github.com/AnEntrypoint/gm-config (no project or user config.source.json configured)"}
evt: {"event":"dispatch.end","ms":146,"sess":"zva1try2","ts":1789939913954,"verb":"cdp"}
evt: {"did_sync":false,"event":"recall_vector_phase_timing","namespaces":1,"sync_ms":12,"ts":1789939916138}
evt: {"event":"recall_vector_phase_timing","outcome":"ok","search_ms":0,"ts":1789939916138}
evt: {"did_sync":false,"event":"recall_vector_phase_timing","namespaces":1,"sync_ms":1,"ts":1789939916141}
evt: {"event":"recall_vector_phase_timing","outcome":"ok","search_ms":1,"ts":1789939916142}
evt: {"event":"recall","hit":false,"hit_keys":[],"mode":"kv_query","n_hits":0,"namespace":"default","query":"Cross-cutting keyboard-accessibility overlay-behavior sweep across whole","sub":"memory","ts":1789939916142}
evt: {"event":"config_resolved","pinned_sha":"993d816b191e551b95f98bf6d1e643587b1a2edc","tier":"implicit_default_repo","ts":1789939916146,"version":1,"why":"gm's own shared default config repo at https://github.com/AnEntrypoint/gm-config (no project or user config.source.json configured)"}
evt: {"event":"config_resolved","pinned_sha":"993d816b191e551b95f98bf6d1e643587b1a2edc","tier":"implicit_default_repo","ts":1789939916149,"version":1,"why":"gm's own shared default config repo at https://github.com/AnEntrypoint/gm-config (no project or user config.source.json configured)"}
evt: {"event":"instruction.served","mutables_pending_count":0,"phase":"PROVE","prd_pending_count":24,"ts":1789939916187}
evt: {"event":"dispatch.end","ms":1116,"ts":1789939916187,"verb":"instruction"}
evt: {"event":"dispatch.end","ms":30083,"ts":1789939947559,"verb":"browser"}
evt: {"event":"config_resolved","pinned_sha":"993d816b191e551b95f98bf6d1e643587b1a2edc","sess":"zellous-audit-1789939343-desktop","tier":"implicit_default_repo","ts":1789939947590,"version":1,"why":"gm's own shared default config repo at https://github.com/AnEntrypoint/gm-config (no project or user config.source.json configured)"}
evt: {"event":"config_resolved","pinned_sha":"993d816b191e551b95f98bf6d1e643587b1a2edc","sess":"zellous-audit-1789939343-desktop","tier":"implicit_default_repo","ts":1789939947598,"version":1,"why":"gm's own shared default config repo at https://github.com/AnEntrypoint/gm-config (no project or user config.source.json configured)"}
evt: {"event":"dispatch.end","ms":5832,"sess":"zellous-audit-1789939343-desktop","ts":1789939953415,"verb":"cdp"}
evt: {"event":"config_resolved","pinned_sha":"993d816b191e551b95f98bf6d1e643587b1a2edc","tier":"implicit_default_repo","ts":1789939953421,"version":1,"why":"gm's own shared default config repo at https://github.com/AnEntrypoint/gm-config (no project or user config.source.json configured)"}
evt: {"event":"config_resolved","pinned_sha":"993d816b191e551b95f98bf6d1e643587b1a2edc","tier":"implicit_default_repo","ts":1789939953424,"version":1,"why":"gm's own shared default config repo at https://github.com/AnEntrypoint/gm-config (no project or user config.source.json configured)"}
evt: {"event":"dispatch.end","ms":153,"sess":"zva1try2","ts":1789939953611,"verb":"cdp"}
evt: {"event":"dispatch.end","ms":549,"sess":"adv1","ts":1789939954219,"verb":"browser"}
evt: {"event":"dispatch.end","ms":1802,"sess":"pfl-desktop","ts":1789939956083,"verb":"cdp"}
evt: {"event":"config_resolved","pinned_sha":"993d816b191e551b95f98bf6d1e643587b1a2edc","tier":"implicit_default_repo","ts":1789939956198,"version":1,"why":"gm's own shared default config repo at https://github.com/AnEntrypoint/gm-config (no project or user config.source.json configured)"}
evt: {"event":"config_resolved","pinned_sha":"993d816b191e551b95f98bf6d1e643587b1a2edc","tier":"implicit_default_repo","ts":1789939956204,"version":1,"why":"gm's own shared default config repo at https://github.com/AnEntrypoint/gm-config (no project or user config.source.json configured)"}
evt: {"event":"dispatch.end","ms":14,"ts":1789939956314,"verb":"codesearch"}
evt: {"event":"dispatch.end","ms":14,"ts":1789939956690,"verb":"codesearch"}
evt: {"event":"dispatch.end","ms":10,"ts":1789939956775,"verb":"codesearch"}
evt: {"event":"dispatch.end","ms":172,"ts":1789939957122,"verb":"codesearch"}
evt: {"event":"dispatch.end","ms":52,"ts":1789939957254,"verb":"codesearch"}
evt: {"event":"dispatch.end","ms":24,"ts":1789939957383,"verb":"codesearch"}
evt: {"event":"dispatch.end","ms":338,"sess":"zva1try2","ts":1789939957815,"verb":"cdp"}
evt: {"event":"config_resolved","pinned_sha":"993d816b191e551b95f98bf6d1e643587b1a2edc","sess":"zellous-audit-1789939343-desktop","tier":"implicit_default_repo","ts":1789939961608,"version":1,"why":"gm's own shared default config repo at https://github.com/AnEntrypoint/gm-config (no project or user config.source.json configured)"}
evt: {"event":"config_resolved","pinned_sha":"993d816b191e551b95f98bf6d1e643587b1a2edc","sess":"zellous-audit-1789939343-desktop","tier":"implicit_default_repo","ts":1789939961612,"version":1,"why":"gm's own shared default config repo at https://github.com/AnEntrypoint/gm-config (no project or user config.source.json configured)"}
evt: {"event":"dispatch.end","ms":652,"sess":"zellous-audit-1789939343-desktop","ts":1789939962257,"verb":"cdp"}
evt: {"event":"dispatch.end","ms":164,"sess":"adv1","ts":1789939963125,"verb":"browser"}
evt: {"event":"config_resolved","pinned_sha":"993d816b191e551b95f98bf6d1e643587b1a2edc","tier":"implicit_default_repo","ts":1789939965081,"version":1,"why":"gm's own shared default config repo at https://github.com/AnEntrypoint/gm-config (no project or user config.source.json configured)"}
evt: {"event":"config_resolved","pinned_sha":"993d816b191e551b95f98bf6d1e643587b1a2edc","tier":"implicit_default_repo","ts":1789939965083,"version":1,"why":"gm's own shared default config repo at https://github.com/AnEntrypoint/gm-config (no project or user config.source.json configured)"}
evt: {"event":"dispatch.end","ms":47,"ts":1789939965124,"verb":"codesearch"}
evt: {"event":"dispatch.end","ms":40,"ts":1789939966619,"verb":"codesearch"}
evt: {"event":"dispatch.end","ms":39,"ts":1789939966673,"verb":"codesearch"}
evt: {"event":"dispatch.end","ms":41,"ts":1789939966731,"verb":"codesearch"}
evt: {"event":"config_resolved","pinned_sha":"993d816b191e551b95f98bf6d1e643587b1a2edc","sess":"zva1try2","tier":"implicit_default_repo","ts":1789939968319,"version":1,"why":"gm's own shared default config repo at https://github.com/AnEntrypoint/gm-config (no project or user config.source.json configured)"}
evt: {"event":"config_resolved","pinned_sha":"993d816b191e551b95f98bf6d1e643587b1a2edc","sess":"zva1try2","tier":"implicit_default_repo","ts":1789939968322,"version":1,"why":"gm's own shared default config repo at https://github.com/AnEntrypoint/gm-config (no project or user config.source.json configured)"}
evt: {"event":"dispatch.end","ms":192,"sess":"zva1try2","ts":1789939968509,"verb":"cdp"}
evt: {"event":"dispatch.end","ms":150,"sess":"zellous-audit-1789939343-desktop","ts":1789939970064,"verb":"cdp"}
evt: {"event":"config_resolved","pinned_sha":"993d816b191e551b95f98bf6d1e643587b1a2edc","sess":"adv1","tier":"implicit_default_repo","ts":1789939973962,"version":1,"why":"gm's own shared default config repo at https://github.com/AnEntrypoint/gm-config (no project or user config.source.json configured)"}
evt: {"event":"config_resolved","pinned_sha":"993d816b191e551b95f98bf6d1e643587b1a2edc","sess":"adv1","tier":"implicit_default_repo","ts":1789939973964,"version":1,"why":"gm's own shared default config repo at https://github.com/AnEntrypoint/gm-config (no project or user config.source.json configured)"}
evt: {"event":"dispatch.end","ms":170,"sess":"adv1","ts":1789939974129,"verb":"browser"}
evt: {"event":"config_resolved","pinned_sha":"993d816b191e551b95f98bf6d1e643587b1a2edc","sess":"zva1try2","tier":"implicit_default_repo","ts":1789939978689,"version":1,"why":"gm's own shared default config repo at https://github.com/AnEntrypoint/gm-config (no project or user config.source.json configured)"}
evt: {"event":"config_resolved","pinned_sha":"993d816b191e551b95f98bf6d1e643587b1a2edc","sess":"zva1try2","tier":"implicit_default_repo","ts":1789939978692,"version":1,"why":"gm's own shared default config repo at https://github.com/AnEntrypoint/gm-config (no project or user config.source.json configured)"}
evt: {"event":"dispatch.end","ms":178,"sess":"zva1try2","ts":1789939978865,"verb":"cdp"}
evt: {"event":"dispatch.end","ms":412,"sess":"chatqa1","ts":1789939981038,"verb":"cdp"}
evt: {"event":"config_resolved","pinned_sha":"993d816b191e551b95f98bf6d1e643587b1a2edc","tier":"implicit_default_repo","ts":1789939981056,"version":1,"why":"gm's own shared default config repo at https://github.com/AnEntrypoint/gm-config (no project or user config.source.json configured)"}
evt: {"event":"config_resolved","pinned_sha":"993d816b191e551b95f98bf6d1e643587b1a2edc","tier":"implicit_default_repo","ts":1789939981063,"version":1,"why":"gm's own shared default config repo at https://github.com/AnEntrypoint/gm-config (no project or user config.source.json configured)"}
evt: {"event":"dispatch.end","ms":787,"sess":"zellous-audit-1789939343-desktop","ts":1789939983548,"verb":"cdp"}
evt: {"event":"config_resolved","pinned_sha":"993d816b191e551b95f98bf6d1e643587b1a2edc","tier":"implicit_default_repo","ts":1789939983554,"version":1,"why":"gm's own shared default config repo at https://github.com/AnEntrypoint/gm-config (no project or user config.source.json configured)"}
evt: {"event":"config_resolved","pinned_sha":"993d816b191e551b95f98bf6d1e643587b1a2edc","tier":"implicit_default_repo","ts":1789939983556,"version":1,"why":"gm's own shared default config repo at https://github.com/AnEntrypoint/gm-config (no project or user config.source.json configured)"}
evt: {"event":"dispatch.end","ms":2455,"ts":1789939986076,"verb":"browser"}
evt: {"event":"config_resolved","pinned_sha":"993d816b191e551b95f98bf6d1e643587b1a2edc","sess":"pflx1","tier":"implicit_default_repo","ts":1789939988032,"version":1,"why":"gm's own shared default config repo at https://github.com/AnEntrypoint/gm-config (no project or user config.source.json configured)"}
evt: {"event":"config_resolved","pinned_sha":"993d816b191e551b95f98bf6d1e643587b1a2edc","sess":"pflx1","tier":"implicit_default_repo","ts":1789939988036,"version":1,"why":"gm's own shared default config repo at https://github.com/AnEntrypoint/gm-config (no project or user config.source.json configured)"}
evt: {"event":"dispatch.end","ms":3145,"sess":"pflx1","ts":1789939991174,"verb":"cdp"}
evt: {"event":"config_resolved","pinned_sha":"993d816b191e551b95f98bf6d1e643587b1a2edc","tier":"implicit_default_repo","ts":1789939991666,"version":1,"why":"gm's own shared default config repo at https://github.com/AnEntrypoint/gm-config (no project or user config.source.json configured)"}
evt: {"event":"config_resolved","pinned_sha":"993d816b191e551b95f98bf6d1e643587b1a2edc","tier":"implicit_default_repo","ts":1789939991669,"version":1,"why":"gm's own shared default config repo at https://github.com/AnEntrypoint/gm-config (no project or user config.source.json configured)"}
evt: {"event":"dispatch.end","ms":199,"sess":"chatqa1","ts":1789939991911,"verb":"cdp"}
evt: {"event":"dispatch.end","ms":197,"sess":"zva1try2","ts":1789939992166,"verb":"cdp"}
evt: {"event":"dispatch.end","ms":8337,"ts":1789940000562,"verb":"cdp"}
evt: {"event":"config_resolved","pinned_sha":"993d816b191e551b95f98bf6d1e643587b1a2edc","sess":"zellous-audit-1789939343-desktop","tier":"implicit_default_repo","ts":1789940000624,"version":1,"why":"gm's own shared default config repo at https://github.com/AnEntrypoint/gm-config (no project or user config.source.json configured)"}
evt: {"event":"config_resolved","pinned_sha":"993d816b191e551b95f98bf6d1e643587b1a2edc","sess":"zellous-audit-1789939343-desktop","tier":"implicit_default_repo","ts":1789940000627,"version":1,"why":"gm's own shared default config repo at https://github.com/AnEntrypoint/gm-config (no project or user config.source.json configured)"}
evt: {"event":"dispatch.end","ms":179,"sess":"zellous-audit-1789939343-desktop","ts":1789940000800,"verb":"cdp"}
evt: {"event":"dispatch.end","ms":179,"sess":"pflx1","ts":1789940001055,"verb":"cdp"}
evt: {"event":"dispatch.end","ms":252,"sess":"zva1try2","ts":1789940001337,"verb":"cdp"}
evt: {"event":"dispatch.end","ms":3349,"sess":"chatqa1","ts":1789940004741,"verb":"cdp"}
evt: {"event":"config_resolved","pinned_sha":"993d816b191e551b95f98bf6d1e643587b1a2edc","tier":"implicit_default_repo","ts":1789940004760,"version":1,"why":"gm's own shared default config repo at https://github.com/AnEntrypoint/gm-config (no project or user config.source.json configured)"}
evt: {"event":"config_resolved","pinned_sha":"993d816b191e551b95f98bf6d1e643587b1a2edc","tier":"implicit_default_repo","ts":1789940004767,"version":1,"why":"gm's own shared default config repo at https://github.com/AnEntrypoint/gm-config (no project or user config.source.json configured)"}
evt: {"event":"dispatch.end","ms":75,"ts":1789940004934,"verb":"codesearch"}
evt: {"event":"config_resolved","pinned_sha":"993d816b191e551b95f98bf6d1e643587b1a2edc","tier":"implicit_default_repo","ts":1789940007876,"version":1,"why":"gm's own shared default config repo at https://github.com/AnEntrypoint/gm-config (no project or user config.source.json configured)"}
evt: {"event":"config_resolved","pinned_sha":"993d816b191e551b95f98bf6d1e643587b1a2edc","tier":"implicit_default_repo","ts":1789940007879,"version":1,"why":"gm's own shared default config repo at https://github.com/AnEntrypoint/gm-config (no project or user config.source.json configured)"}
evt: {"event":"dispatch.end","ms":155,"ts":1789940008029,"verb":"cdp"}
evt: {"event":"dispatch.end","ms":580,"sess":"zellous-audit-1789939343-desktop","ts":1789940009443,"verb":"cdp"}
evt: {"event":"dispatch.end","ms":248,"sess":"chatqa1","ts":1789940009770,"verb":"cdp"}
evt: {"event":"config_resolved","pinned_sha":"993d816b191e551b95f98bf6d1e643587b1a2edc","sess":"zva1try2","tier":"implicit_default_repo","ts":1789940010955,"version":1,"why":"gm's own shared default config repo at https://github.com/AnEntrypoint/gm-config (no project or user config.source.json configured)"}
evt: {"event":"config_resolved","pinned_sha":"993d816b191e551b95f98bf6d1e643587b1a2edc","sess":"zva1try2","tier":"implicit_default_repo","ts":1789940010957,"version":1,"why":"gm's own shared default config repo at https://github.com/AnEntrypoint/gm-config (no project or user config.source.json configured)"}
evt: {"event":"dispatch.end","ms":166,"sess":"zva1try2","ts":1789940011118,"verb":"cdp"}
evt: {"event":"config_resolved","pinned_sha":"993d816b191e551b95f98bf6d1e643587b1a2edc","tier":"implicit_default_repo","ts":1789940015920,"version":1,"why":"gm's own shared default config repo at https://github.com/AnEntrypoint/gm-config (no project or user config.source.json configured)"}
evt: {"event":"config_resolved","pinned_sha":"993d816b191e551b95f98bf6d1e643587b1a2edc","tier":"implicit_default_repo","ts":1789940015923,"version":1,"why":"gm's own shared default config repo at https://github.com/AnEntrypoint/gm-config (no project or user config.source.json configured)"}
evt: {"event":"dispatch.end","ms":178,"ts":1789940016093,"verb":"cdp"}
evt: {"event":"dispatch.end","ms":1514,"ts":1789940017809,"verb":"fetch"}
evt: {"event":"dispatch.end","ms":196,"sess":"zellous-audit-1789939343-desktop","ts":1789940018058,"verb":"cdp"}
evt: {"event":"config_resolved","pinned_sha":"993d816b191e551b95f98bf6d1e643587b1a2edc","tier":"implicit_default_repo","ts":1789940018065,"version":1,"why":"gm's own shared default config repo at https://github.com/AnEntrypoint/gm-config (no project or user config.source.json configured)"}
evt: {"event":"config_resolved","pinned_sha":"993d816b191e551b95f98bf6d1e643587b1a2edc","tier":"implicit_default_repo","ts":1789940018068,"version":1,"why":"gm's own shared default config repo at https://github.com/AnEntrypoint/gm-config (no project or user config.source.json configured)"}
evt: {"event":"dispatch.end","ms":40,"ts":1789940018160,"verb":"codesearch"}
evt: {"event":"dispatch.end","ms":174,"sess":"chatqa1","ts":1789940019291,"verb":"cdp"}
evt: {"event":"config_resolved","pinned_sha":"993d816b191e551b95f98bf6d1e643587b1a2edc","sess":"zva1try2","tier":"implicit_default_repo","ts":1789940020271,"version":1,"why":"gm's own shared default config repo at https://github.com/AnEntrypoint/gm-config (no project or user config.source.json configured)"}
evt: {"event":"config_resolved","pinned_sha":"993d816b191e551b95f98bf6d1e643587b1a2edc","sess":"zva1try2","tier":"implicit_default_repo","ts":1789940020273,"version":1,"why":"gm's own shared default config repo at https://github.com/AnEntrypoint/gm-config (no project or user config.source.json configured)"}
evt: {"event":"dispatch.end","ms":171,"sess":"zva1try2","ts":1789940020439,"verb":"cdp"}
evt: {"event":"config_resolved","pinned_sha":"993d816b191e551b95f98bf6d1e643587b1a2edc","sess":"chatqa1","tier":"implicit_default_repo","ts":1789940025309,"version":1,"why":"gm's own shared default config repo at https://github.com/AnEntrypoint/gm-config (no project or user config.source.json configured)"}
evt: {"event":"config_resolved","pinned_sha":"993d816b191e551b95f98bf6d1e643587b1a2edc","sess":"chatqa1","tier":"implicit_default_repo","ts":1789940025312,"version":1,"why":"gm's own shared default config repo at https://github.com/AnEntrypoint/gm-config (no project or user config.source.json configured)"}
evt: {"event":"dispatch.end","ms":172,"sess":"chatqa1","ts":1789940025479,"verb":"cdp"}
evt: {"event":"dispatch.end","ms":164,"sess":"zellous-audit-1789939343-desktop","ts":1789940026320,"verb":"cdp"}
evt: {"event":"dispatch.end","ms":173,"ts":1789940026534,"verb":"cdp"}
evt: {"event":"dispatch.end","ms":75,"ts":1789940026768,"verb":"codesearch"}
evt: {"event":"config_resolved","pinned_sha":"993d816b191e551b95f98bf6d1e643587b1a2edc","tier":"implicit_default_repo","ts":1789940033053,"version":1,"why":"gm's own shared default config repo at https://github.com/AnEntrypoint/gm-config (no project or user config.source.json configured)"}
evt: {"event":"config_resolved","pinned_sha":"993d816b191e551b95f98bf6d1e643587b1a2edc","tier":"implicit_default_repo","ts":1789940033055,"version":1,"why":"gm's own shared default config repo at https://github.com/AnEntrypoint/gm-config (no project or user config.source.json configured)"}
evt: {"event":"dispatch.end","ms":78,"ts":1789940033128,"verb":"codesearch"}
evt: {"event":"dispatch.end","ms":471,"sess":"zellous-audit-1789939343-desktop","ts":1789940034357,"verb":"cdp"}
evt: {"event":"dispatch.end","ms":462,"sess":"chatqa1","ts":1789940034854,"verb":"cdp"}
evt: {"event":"dispatch.end","ms":178,"sess":"zva1try2","ts":1789940035078,"verb":"cdp"}
evt: {"event":"config_resolved","pinned_sha":"993d816b191e551b95f98bf6d1e643587b1a2edc","tier":"implicit_default_repo","ts":1789940035085,"version":1,"why":"gm's own shared default config repo at https://github.com/AnEntrypoint/gm-config (no project or user config.source.json configured)"}
evt: {"event":"config_resolved","pinned_sha":"993d816b191e551b95f98bf6d1e643587b1a2edc","tier":"implicit_default_repo","ts":1789940035088,"version":1,"why":"gm's own shared default config repo at https://github.com/AnEntrypoint/gm-config (no project or user config.source.json configured)"}
evt: {"event":"dispatch.end","ms":36,"ts":1789940035203,"verb":"codesearch"}
evt: {"event":"config_resolved","pinned_sha":"993d816b191e551b95f98bf6d1e643587b1a2edc","tier":"implicit_default_repo","ts":1789940039277,"version":1,"why":"gm's own shared default config repo at https://github.com/AnEntrypoint/gm-config (no project or user config.source.json configured)"}
evt: {"event":"config_resolved","pinned_sha":"993d816b191e551b95f98bf6d1e643587b1a2edc","tier":"implicit_default_repo","ts":1789940039280,"version":1,"why":"gm's own shared default config repo at https://github.com/AnEntrypoint/gm-config (no project or user config.source.json configured)"}
evt: {"event":"dispatch.end","ms":159,"ts":1789940039434,"verb":"cdp"}
evt: {"event":"dispatch.end","ms":252,"sess":"chatqa1","ts":1789940041173,"verb":"cdp"}
evt: {"event":"config_resolved","pinned_sha":"993d816b191e551b95f98bf6d1e643587b1a2edc","tier":"implicit_default_repo","ts":1789940041327,"version":1,"why":"gm's own shared default config repo at https://github.com/AnEntrypoint/gm-config (no project or user config.source.json configured)"}
evt: {"event":"config_resolved","pinned_sha":"993d816b191e551b95f98bf6d1e643587b1a2edc","tier":"implicit_default_repo","ts":1789940041330,"version":1,"why":"gm's own shared default config repo at https://github.com/AnEntrypoint/gm-config (no project or user config.source.json configured)"}
evt: {"event":"dispatch.end","ms":1754,"sess":"pflx1","ts":1789940044263,"verb":"cdp"}
evt: {"event":"config_resolved","pinned_sha":"993d816b191e551b95f98bf6d1e643587b1a2edc","tier":"implicit_default_repo","ts":1789940044304,"version":1,"why":"gm's own shared default config repo at https://github.com/AnEntrypoint/gm-config (no project or user config.source.json configured)"}
evt: {"event":"config_resolved","pinned_sha":"993d816b191e551b95f98bf6d1e643587b1a2edc","tier":"implicit_default_repo","ts":1789940044311,"version":1,"why":"gm's own shared default config repo at https://github.com/AnEntrypoint/gm-config (no project or user config.source.json configured)"}
evt: {"event":"dispatch.end","ms":341,"sess":"zva1try2","ts":1789940044841,"verb":"cdp"}
evt: {"event":"config_resolved","pinned_sha":"993d816b191e551b95f98bf6d1e643587b1a2edc","tier":"implicit_default_repo","ts":1789940047464,"version":1,"why":"gm's own shared default config repo at https://github.com/AnEntrypoint/gm-config (no project or user config.source.json configured)"}
evt: {"event":"config_resolved","pinned_sha":"993d816b191e551b95f98bf6d1e643587b1a2edc","tier":"implicit_default_repo","ts":1789940047466,"version":1,"why":"gm's own shared default config repo at https://github.com/AnEntrypoint/gm-config (no project or user config.source.json configured)"}
evt: {"event":"dispatch.end","ms":252,"ts":1789940047713,"verb":"cdp"}
evt: {"event":"dispatch.end","ms":4313,"sess":"pflx1","ts":1789940052975,"verb":"cdp"}
evt: {"event":"config_resolved","pinned_sha":"993d816b191e551b95f98bf6d1e643587b1a2edc","tier":"implicit_default_repo","ts":1789940052983,"version":1,"why":"gm's own shared default config repo at https://github.com/AnEntrypoint/gm-config (no project or user config.source.json configured)"}
evt: {"event":"config_resolved","pinned_sha":"993d816b191e551b95f98bf6d1e643587b1a2edc","tier":"implicit_default_repo","ts":1789940052986,"version":1,"why":"gm's own shared default config repo at https://github.com/AnEntrypoint/gm-config (no project or user config.source.json configured)"}
evt: {"event":"dispatch.end","ms":164,"sess":"chatqa1","ts":1789940053191,"verb":"cdp"}
evt: {"event":"dispatch.end","ms":160,"sess":"zva1try2","ts":1789940053392,"verb":"cdp"}
evt: {"event":"dispatch.end","ms":41,"ts":1789940053479,"verb":"codesearch"}
evt: {"event":"dispatch.end","ms":31,"ts":1789940054453,"verb":"codesearch"}
evt: {"event":"config_resolved","pinned_sha":"993d816b191e551b95f98bf6d1e643587b1a2edc","sess":"zva1try2","tier":"implicit_default_repo","ts":1789940057046,"version":1,"why":"gm's own shared default config repo at https://github.com/AnEntrypoint/gm-config (no project or user config.source.json configured)"}
evt: {"event":"config_resolved","pinned_sha":"993d816b191e551b95f98bf6d1e643587b1a2edc","sess":"zva1try2","tier":"implicit_default_repo","ts":1789940057049,"version":1,"why":"gm's own shared default config repo at https://github.com/AnEntrypoint/gm-config (no project or user config.source.json configured)"}
evt: {"event":"dispatch.end","ms":246,"sess":"zva1try2","ts":1789940057289,"verb":"cdp"}
evt: {"event":"dispatch.end","ms":7665,"sess":"zellous-audit-1789939343-desktop","ts":1789940065410,"verb":"cdp"}
evt: {"event":"config_resolved","pinned_sha":"993d816b191e551b95f98bf6d1e643587b1a2edc","tier":"implicit_default_repo","ts":1789940065420,"version":1,"why":"gm's own shared default config repo at https://github.com/AnEntrypoint/gm-config (no project or user config.source.json configured)"}
evt: {"event":"config_resolved","pinned_sha":"993d816b191e551b95f98bf6d1e643587b1a2edc","tier":"implicit_default_repo","ts":1789940065424,"version":1,"why":"gm's own shared default config repo at https://github.com/AnEntrypoint/gm-config (no project or user config.source.json configured)"}
evt: {"event":"dispatch.end","ms":274,"sess":"chatqa1","ts":1789940065762,"verb":"cdp"}
evt: {"event":"dispatch.end","ms":1858,"sess":"pflx1","ts":1789940067760,"verb":"cdp"}
evt: {"event":"config_resolved","pinned_sha":"993d816b191e551b95f98bf6d1e643587b1a2edc","tier":"implicit_default_repo","ts":1789940067826,"version":1,"why":"gm's own shared default config repo at https://github.com/AnEntrypoint/gm-config (no project or user config.source.json configured)"}
evt: {"event":"config_resolved","pinned_sha":"993d816b191e551b95f98bf6d1e643587b1a2edc","tier":"implicit_default_repo","ts":1789940067833,"version":1,"why":"gm's own shared default config repo at https://github.com/AnEntrypoint/gm-config (no project or user config.source.json configured)"}
evt: {"event":"dispatch.end","ms":238,"ts":1789940068224,"verb":"cdp"}
evt: {"event":"dispatch.end","ms":776,"ts":1789940069123,"verb":"codesearch"}
evt: {"event":"dispatch.end","ms":340,"sess":"zva1try2","ts":1789940069494,"verb":"cdp"}
evt: {"event":"config_resolved","pinned_sha":"993d816b191e551b95f98bf6d1e643587b1a2edc","sess":"zellous-audit-1789939343-desktop","tier":"implicit_default_repo","ts":1789940070938,"version":1,"why":"gm's own shared default config repo at https://github.com/AnEntrypoint/gm-config (no project or user config.source.json configured)"}
evt: {"event":"config_resolved","pinned_sha":"993d816b191e551b95f98bf6d1e643587b1a2edc","sess":"zellous-audit-1789939343-desktop","tier":"implicit_default_repo","ts":1789940070941,"version":1,"why":"gm's own shared default config repo at https://github.com/AnEntrypoint/gm-config (no project or user config.source.json configured)"}
evt: {"event":"dispatch.end","ms":937,"sess":"zellous-audit-1789939343-desktop","ts":1789940071873,"verb":"cdp"}
evt: {"event":"dispatch.end","ms":342,"sess":"chatqa1","ts":1789940072890,"verb":"cdp"}
evt: {"event":"config_resolved","pinned_sha":"993d816b191e551b95f98bf6d1e643587b1a2edc","tier":"implicit_default_repo","ts":1789940072955,"version":1,"why":"gm's own shared default config repo at https://github.com/AnEntrypoint/gm-config (no project or user config.source.json configured)"}
evt: {"event":"config_resolved","pinned_sha":"993d816b191e551b95f98bf6d1e643587b1a2edc","tier":"implicit_default_repo","ts":1789940072958,"version":1,"why":"gm's own shared default config repo at https://github.com/AnEntrypoint/gm-config (no project or user config.source.json configured)"}
evt: {"event":"dispatch.end","ms":185,"sess":"pflx1","ts":1789940073453,"verb":"cdp"}
evt: {"event":"config_resolved","pinned_sha":"993d816b191e551b95f98bf6d1e643587b1a2edc","tier":"implicit_default_repo","ts":1789940076121,"version":1,"why":"gm's own shared default config repo at https://github.com/AnEntrypoint/gm-config (no project or user config.source.json configured)"}
evt: {"event":"config_resolved","pinned_sha":"993d816b191e551b95f98bf6d1e643587b1a2edc","tier":"implicit_default_repo","ts":1789940076124,"version":1,"why":"gm's own shared default config repo at https://github.com/AnEntrypoint/gm-config (no project or user config.source.json configured)"}
evt: {"event":"dispatch.end","ms":16,"ts":1789940076134,"verb":"codesearch"}
evt: {"already_identical":false,"event":"prd.added","id":"a11y-modal-input-no-focus-ring","rescoped":false,"ts":1789940077686}
evt: {"event":"dispatch.end","ms":31,"ts":1789940077686,"verb":"prd-add"}
evt: {"event":"config_resolved","pinned_sha":"993d816b191e551b95f98bf6d1e643587b1a2edc","sess":"chatqa1","tier":"implicit_default_repo","ts":1789940080135,"version":1,"why":"gm's own shared default config repo at https://github.com/AnEntrypoint/gm-config (no project or user config.source.json configured)"}
evt: {"event":"config_resolved","pinned_sha":"993d816b191e551b95f98bf6d1e643587b1a2edc","sess":"chatqa1","tier":"implicit_default_repo","ts":1789940080138,"version":1,"why":"gm's own shared default config repo at https://github.com/AnEntrypoint/gm-config (no project or user config.source.json configured)"}
evt: {"event":"dispatch.end","ms":175,"sess":"chatqa1","ts":1789940080307,"verb":"cdp"}
evt: {"event":"dispatch.end","ms":162,"sess":"pflx1","ts":1789940081498,"verb":"cdp"}
evt: {"event":"config_resolved","pinned_sha":"993d816b191e551b95f98bf6d1e643587b1a2edc","sess":"pflx1","tier":"implicit_default_repo","ts":1789940087195,"version":1,"why":"gm's own shared default config repo at https://github.com/AnEntrypoint/gm-config (no project or user config.source.json configured)"}
evt: {"event":"config_resolved","pinned_sha":"993d816b191e551b95f98bf6d1e643587b1a2edc","sess":"pflx1","tier":"implicit_default_repo","ts":1789940087198,"version":1,"why":"gm's own shared default config repo at https://github.com/AnEntrypoint/gm-config (no project or user config.source.json configured)"}
evt: {"event":"dispatch.end","ms":2922,"sess":"pflx1","ts":1789940090115,"verb":"cdp"}
evt: {"event":"config_resolved","pinned_sha":"993d816b191e551b95f98bf6d1e643587b1a2edc","tier":"implicit_default_repo","ts":1789940090135,"version":1,"why":"gm's own shared default config repo at https://github.com/AnEntrypoint/gm-config (no project or user config.source.json configured)"}
evt: {"event":"config_resolved","pinned_sha":"993d816b191e551b95f98bf6d1e643587b1a2edc","tier":"implicit_default_repo","ts":1789940090142,"version":1,"why":"gm's own shared default config repo at https://github.com/AnEntrypoint/gm-config (no project or user config.source.json configured)"}
evt: {"event":"dispatch.end","ms":164,"sess":"zva1try2","ts":1789940090383,"verb":"cdp"}
evt: {"event":"dispatch.end","ms":15,"ts":1789940090440,"verb":"codesearch"}
evt: {"event":"dispatch.end","ms":5,"ts":1789940090495,"verb":"codesearch"}
evt: {"event":"dispatch.end","ms":67,"ts":1789940090625,"verb":"codesearch"}
evt: {"event":"dispatch.end","ms":40,"ts":1789940090703,"verb":"codesearch"}
evt: {"event":"dispatch.end","ms":15,"ts":1789940090734,"verb":"codesearch"}
evt: {"event":"config_resolved","pinned_sha":"993d816b191e551b95f98bf6d1e643587b1a2edc","tier":"implicit_default_repo","ts":1789940096618,"version":1,"why":"gm's own shared default config repo at https://github.com/AnEntrypoint/gm-config (no project or user config.source.json configured)"}
evt: {"event":"config_resolved","pinned_sha":"993d816b191e551b95f98bf6d1e643587b1a2edc","tier":"implicit_default_repo","ts":1789940096621,"version":1,"why":"gm's own shared default config repo at https://github.com/AnEntrypoint/gm-config (no project or user config.source.json configured)"}
evt: {"event":"dispatch.end","ms":46,"ts":1789940096662,"verb":"codesearch"}
evt: {"event":"dispatch.end","ms":43,"ts":1789940096714,"verb":"codesearch"}
evt: {"event":"dispatch.end","ms":40,"ts":1789940096767,"verb":"codesearch"}
evt: {"event":"dispatch.end","ms":4529,"sess":"pflx1","ts":1789940101699,"verb":"cdp"}
evt: {"event":"config_resolved","pinned_sha":"993d816b191e551b95f98bf6d1e643587b1a2edc","tier":"implicit_default_repo","ts":1789940101722,"version":1,"why":"gm's own shared default config repo at https://github.com/AnEntrypoint/gm-config (no project or user config.source.json configured)"}
evt: {"event":"config_resolved","pinned_sha":"993d816b191e551b95f98bf6d1e643587b1a2edc","tier":"implicit_default_repo","ts":1789940101730,"version":1,"why":"gm's own shared default config repo at https://github.com/AnEntrypoint/gm-config (no project or user config.source.json configured)"}
evt: {"event":"dispatch.end","ms":2,"ts":1789940101826,"verb":"codesearch"}
evt: {"event":"dispatch.end","ms":154,"sess":"zellous-audit-1789939343-desktop","ts":1789940102228,"verb":"cdp"}
evt: {"event":"dispatch.end","ms":14,"ts":1789940102576,"verb":"codesearch"}
evt: {"event":"config_resolved","pinned_sha":"993d816b191e551b95f98bf6d1e643587b1a2edc","tier":"implicit_default_repo","ts":1789940107246,"version":1,"why":"gm's own shared default config repo at https://github.com/AnEntrypoint/gm-config (no project or user config.source.json configured)"}
evt: {"event":"config_resolved","pinned_sha":"993d816b191e551b95f98bf6d1e643587b1a2edc","tier":"implicit_default_repo","ts":1789940107249,"version":1,"why":"gm's own shared default config repo at https://github.com/AnEntrypoint/gm-config (no project or user config.source.json configured)"}
evt: {"event":"dispatch.end","ms":7,"ts":1789940107250,"verb":"codesearch"}
evt: {"event":"dispatch.end","ms":238,"sess":"pflx1","ts":1789940109318,"verb":"cdp"}
evt: {"event":"config_resolved","pinned_sha":"993d816b191e551b95f98bf6d1e643587b1a2edc","tier":"implicit_default_repo","ts":1789940109411,"version":1,"why":"gm's own shared default config repo at https://github.com/AnEntrypoint/gm-config (no project or user config.source.json configured)"}
evt: {"event":"config_resolved","pinned_sha":"993d816b191e551b95f98bf6d1e643587b1a2edc","tier":"implicit_default_repo","ts":1789940109419,"version":1,"why":"gm's own shared default config repo at https://github.com/AnEntrypoint/gm-config (no project or user config.source.json configured)"}
evt: {"event":"dispatch.end","ms":64,"ts":1789940109619,"verb":"codesearch"}
evt: {"event":"config_resolved","pinned_sha":"993d816b191e551b95f98bf6d1e643587b1a2edc","tier":"implicit_default_repo","ts":1789940112294,"version":1,"why":"gm's own shared default config repo at https://github.com/AnEntrypoint/gm-config (no project or user config.source.json configured)"}
evt: {"event":"config_resolved","pinned_sha":"993d816b191e551b95f98bf6d1e643587b1a2edc","tier":"implicit_default_repo","ts":1789940112297,"version":1,"why":"gm's own shared default config repo at https://github.com/AnEntrypoint/gm-config (no project or user config.source.json configured)"}
evt: {"already_identical":false,"event":"prd.added","id":"voice-media-warning-toast-never-shown","rescoped":false,"ts":1789940112301}
evt: {"event":"dispatch.end","ms":10,"ts":1789940112301,"verb":"prd-add"}
evt: {"event":"dispatch.end","ms":166,"ts":1789940112882,"verb":"cdp"}
evt: {"event":"config_resolved","pinned_sha":"993d816b191e551b95f98bf6d1e643587b1a2edc","sess":"pflx1","tier":"implicit_default_repo","ts":1789940114580,"version":1,"why":"gm's own shared default config repo at https://github.com/AnEntrypoint/gm-config (no project or user config.source.json configured)"}
evt: {"event":"config_resolved","pinned_sha":"993d816b191e551b95f98bf6d1e643587b1a2edc","sess":"pflx1","tier":"implicit_default_repo","ts":1789940114583,"version":1,"why":"gm's own shared default config repo at https://github.com/AnEntrypoint/gm-config (no project or user config.source.json configured)"}
evt: {"event":"dispatch.end","ms":156,"sess":"pflx1","ts":1789940114733,"verb":"cdp"}
evt: {"event":"config_resolved","pinned_sha":"993d816b191e551b95f98bf6d1e643587b1a2edc","tier":"implicit_default_repo","ts":1789940118904,"version":1,"why":"gm's own shared default config repo at https://github.com/AnEntrypoint/gm-config (no project or user config.source.json configured)"}
evt: {"event":"config_resolved","pinned_sha":"993d816b191e551b95f98bf6d1e643587b1a2edc","tier":"implicit_default_repo","ts":1789940118906,"version":1,"why":"gm's own shared default config repo at https://github.com/AnEntrypoint/gm-config (no project or user config.source.json configured)"}
evt: {"event":"dispatch.end","ms":44,"ts":1789940118945,"verb":"codesearch"}
evt: {"event":"dispatch.end","ms":502,"sess":"chatqa1","ts":1789940119832,"verb":"cdp"}
evt: {"event":"dispatch.end","ms":170,"sess":"zva1try2","ts":1789940120057,"verb":"cdp"}
evt: {"event":"dispatch.end","ms":271,"ts":1789940120364,"verb":"cdp"}
evt: {"event":"config_resolved","pinned_sha":"993d816b191e551b95f98bf6d1e643587b1a2edc","sess":"zellous-audit-1789939343-desktop","tier":"implicit_default_repo","ts":1789940121012,"version":1,"why":"gm's own shared default config repo at https://github.com/AnEntrypoint/gm-config (no project or user config.source.json configured)"}
evt: {"event":"config_resolved","pinned_sha":"993d816b191e551b95f98bf6d1e643587b1a2edc","sess":"zellous-audit-1789939343-desktop","tier":"implicit_default_repo","ts":1789940121015,"version":1,"why":"gm's own shared default config repo at https://github.com/AnEntrypoint/gm-config (no project or user config.source.json configured)"}
evt: {"event":"dispatch.end","ms":658,"sess":"zellous-audit-1789939343-desktop","ts":1789940121667,"verb":"cdp"}
evt: {"event":"config_resolved","pinned_sha":"993d816b191e551b95f98bf6d1e643587b1a2edc","sess":"zva1try2","tier":"implicit_default_repo","ts":1789940126297,"version":1,"why":"gm's own shared default config repo at https://github.com/AnEntrypoint/gm-config (no project or user config.source.json configured)"}
evt: {"event":"config_resolved","pinned_sha":"993d816b191e551b95f98bf6d1e643587b1a2edc","sess":"zva1try2","tier":"implicit_default_repo","ts":1789940126305,"version":1,"why":"gm's own shared default config repo at https://github.com/AnEntrypoint/gm-config (no project or user config.source.json configured)"}
evt: {"event":"dispatch.end","ms":285,"sess":"zva1try2","ts":1789940126575,"verb":"cdp"}
evt: {"event":"dispatch.end","ms":3173,"sess":"pflx1","ts":1789940129819,"verb":"cdp"}
evt: {"event":"config_resolved","pinned_sha":"993d816b191e551b95f98bf6d1e643587b1a2edc","tier":"implicit_default_repo","ts":1789940129840,"version":1,"why":"gm's own shared default config repo at https://github.com/AnEntrypoint/gm-config (no project or user config.source.json configured)"}
evt: {"event":"config_resolved","pinned_sha":"993d816b191e551b95f98bf6d1e643587b1a2edc","tier":"implicit_default_repo","ts":1789940129847,"version":1,"why":"gm's own shared default config repo at https://github.com/AnEntrypoint/gm-config (no project or user config.source.json configured)"}
evt: {"already_identical":false,"event":"prd.added","id":"a11y-auth-modal-no-dialog-semantics","rescoped":false,"ts":1789940129919}
evt: {"event":"dispatch.end","ms":4,"ts":1789940129919,"verb":"prd-add"}
evt: {"event":"dispatch.end","ms":197,"sess":"chatqa1","ts":1789940130176,"verb":"cdp"}
evt: {"event":"dispatch.end","ms":965,"sess":"zellous-audit-1789939343-desktop","ts":1789940131202,"verb":"cdp"}
evt: {"event":"config_resolved","pinned_sha":"993d816b191e551b95f98bf6d1e643587b1a2edc","sess":"zva1try2","tier":"implicit_default_repo","ts":1789940135586,"version":1,"why":"gm's own shared default config repo at https://github.com/AnEntrypoint/gm-config (no project or user config.source.json configured)"}
evt: {"event":"config_resolved","pinned_sha":"993d816b191e551b95f98bf6d1e643587b1a2edc","sess":"zva1try2","tier":"implicit_default_repo","ts":1789940135589,"version":1,"why":"gm's own shared default config repo at https://github.com/AnEntrypoint/gm-config (no project or user config.source.json configured)"}
evt: {"event":"dispatch.end","ms":259,"sess":"zva1try2","ts":1789940135843,"verb":"cdp"}
evt: {"event":"dispatch.end","ms":678,"sess":"pflx1","ts":1789940137546,"verb":"cdp"}
evt: {"event":"config_resolved","pinned_sha":"993d816b191e551b95f98bf6d1e643587b1a2edc","tier":"implicit_default_repo","ts":1789940137587,"version":1,"why":"gm's own shared default config repo at https://github.com/AnEntrypoint/gm-config (no project or user config.source.json configured)"}
evt: {"event":"config_resolved","pinned_sha":"993d816b191e551b95f98bf6d1e643587b1a2edc","tier":"implicit_default_repo","ts":1789940137589,"version":1,"why":"gm's own shared default config repo at https://github.com/AnEntrypoint/gm-config (no project or user config.source.json configured)"}
evt: {"event":"dispatch.end","ms":159,"sess":"chatqa1","ts":1789940138895,"verb":"cdp"}
evt: {"event":"config_resolved","pinned_sha":"993d816b191e551b95f98bf6d1e643587b1a2edc","sess":"zellous-audit-1789939343-desktop","tier":"implicit_default_repo","ts":1789940141391,"version":1,"why":"gm's own shared default config repo at https://github.com/AnEntrypoint/gm-config (no project or user config.source.json configured)"}
evt: {"event":"config_resolved","pinned_sha":"993d816b191e551b95f98bf6d1e643587b1a2edc","sess":"zellous-audit-1789939343-desktop","tier":"implicit_default_repo","ts":1789940141393,"version":1,"why":"gm's own shared default config repo at https://github.com/AnEntrypoint/gm-config (no project or user config.source.json configured)"}
evt: {"event":"dispatch.end","ms":1148,"sess":"zellous-audit-1789939343-desktop","ts":1789940142536,"verb":"cdp"}
evt: {"event":"config_resolved","pinned_sha":"993d816b191e551b95f98bf6d1e643587b1a2edc","sess":"pflx1","tier":"implicit_default_repo","ts":1789940143790,"version":1,"why":"gm's own shared default config repo at https://github.com/AnEntrypoint/gm-config (no project or user config.source.json configured)"}
evt: {"event":"config_resolved","pinned_sha":"993d816b191e551b95f98bf6d1e643587b1a2edc","sess":"pflx1","tier":"implicit_default_repo","ts":1789940143793,"version":1,"why":"gm's own shared default config repo at https://github.com/AnEntrypoint/gm-config (no project or user config.source.json configured)"}
evt: {"event":"dispatch.end","ms":590,"sess":"pflx1","ts":1789940144377,"verb":"cdp"}
evt: {"event":"config_resolved","pinned_sha":"993d816b191e551b95f98bf6d1e643587b1a2edc","sess":"chatqa1","tier":"implicit_default_repo","ts":1789940146377,"version":1,"why":"gm's own shared default config repo at https://github.com/AnEntrypoint/gm-config (no project or user config.source.json configured)"}
evt: {"event":"config_resolved","pinned_sha":"993d816b191e551b95f98bf6d1e643587b1a2edc","sess":"chatqa1","tier":"implicit_default_repo","ts":1789940146380,"version":1,"why":"gm's own shared default config repo at https://github.com/AnEntrypoint/gm-config (no project or user config.source.json configured)"}
evt: {"event":"dispatch.end","ms":2861,"sess":"chatqa1","ts":1789940149235,"verb":"cdp"}
evt: {"event":"config_resolved","pinned_sha":"993d816b191e551b95f98bf6d1e643587b1a2edc","tier":"implicit_default_repo","ts":1789940149257,"version":1,"why":"gm's own shared default config repo at https://github.com/AnEntrypoint/gm-config (no project or user config.source.json configured)"}
evt: {"event":"config_resolved","pinned_sha":"993d816b191e551b95f98bf6d1e643587b1a2edc","tier":"implicit_default_repo","ts":1789940149264,"version":1,"why":"gm's own shared default config repo at https://github.com/AnEntrypoint/gm-config (no project or user config.source.json configured)"}
evt: {"event":"dispatch.end","ms":174,"sess":"zva1try2","ts":1789940149513,"verb":"cdp"}
evt: {"event":"dispatch.end","ms":1404,"sess":"adv1","ts":1789940151248,"verb":"browser"}
evt: {"event":"config_resolved","pinned_sha":"993d816b191e551b95f98bf6d1e643587b1a2edc","tier":"implicit_default_repo","ts":1789940151261,"version":1,"why":"gm's own shared default config repo at https://github.com/AnEntrypoint/gm-config (no project or user config.source.json configured)"}
evt: {"event":"config_resolved","pinned_sha":"993d816b191e551b95f98bf6d1e643587b1a2edc","tier":"implicit_default_repo","ts":1789940151264,"version":1,"why":"gm's own shared default config repo at https://github.com/AnEntrypoint/gm-config (no project or user config.source.json configured)"}
evt: {"event":"dispatch.end","ms":266,"sess":"zva1try2","ts":1789940151569,"verb":"cdp"}
evt: {"event":"dispatch.end","ms":772,"sess":"pflx1","ts":1789940152383,"verb":"cdp"}
evt: {"event":"config_resolved","pinned_sha":"993d816b191e551b95f98bf6d1e643587b1a2edc","sess":"chatqa1","tier":"implicit_default_repo","ts":1789940153536,"version":1,"why":"gm's own shared default config repo at https://github.com/AnEntrypoint/gm-config (no project or user config.source.json configured)"}
evt: {"event":"config_resolved","pinned_sha":"993d816b191e551b95f98bf6d1e643587b1a2edc","sess":"chatqa1","tier":"implicit_default_repo","ts":1789940153539,"version":1,"why":"gm's own shared default config repo at https://github.com/AnEntrypoint/gm-config (no project or user config.source.json configured)"}
evt: {"event":"dispatch.end","ms":316,"sess":"chatqa1","ts":1789940153849,"verb":"cdp"}
evt: {"event":"dispatch.end","ms":222,"sess":"zellous-audit-1789939343-desktop","ts":1789940154844,"verb":"cdp"}
evt: {"event":"config_resolved","pinned_sha":"993d816b191e551b95f98bf6d1e643587b1a2edc","sess":"pflx1","tier":"implicit_default_repo","ts":1789940156601,"version":1,"why":"gm's own shared default config repo at https://github.com/AnEntrypoint/gm-config (no project or user config.source.json configured)"}
evt: {"event":"config_resolved","pinned_sha":"993d816b191e551b95f98bf6d1e643587b1a2edc","sess":"pflx1","tier":"implicit_default_repo","ts":1789940156605,"version":1,"why":"gm's own shared default config repo at https://github.com/AnEntrypoint/gm-config (no project or user config.source.json configured)"}
evt: {"event":"dispatch.end","ms":824,"sess":"pflx1","ts":1789940157422,"verb":"cdp"}
evt: {"event":"config_resolved","pinned_sha":"993d816b191e551b95f98bf6d1e643587b1a2edc","sess":"adv1","tier":"implicit_default_repo","ts":1789940160755,"version":1,"why":"gm's own shared default config repo at https://github.com/AnEntrypoint/gm-config (no project or user config.source.json configured)"}
evt: {"event":"config_resolved","pinned_sha":"993d816b191e551b95f98bf6d1e643587b1a2edc","sess":"adv1","tier":"implicit_default_repo","ts":1789940160757,"version":1,"why":"gm's own shared default config repo at https://github.com/AnEntrypoint/gm-config (no project or user config.source.json configured)"}
evt: {"event":"dispatch.end","ms":202,"sess":"adv1","ts":1789940160954,"verb":"browser"}
evt: {"event":"dispatch.end","ms":224,"sess":"zva1try2","ts":1789940161233,"verb":"cdp"}
evt: {"event":"dispatch.end","ms":39,"ts":1789940162642,"verb":"codesearch"}
evt: {"event":"config_resolved","pinned_sha":"993d816b191e551b95f98bf6d1e643587b1a2edc","tier":"implicit_default_repo","ts":1789940162952,"version":1,"why":"gm's own shared default config repo at https://github.com/AnEntrypoint/gm-config (no project or user config.source.json configured)"}
evt: {"event":"config_resolved","pinned_sha":"993d816b191e551b95f98bf6d1e643587b1a2edc","tier":"implicit_default_repo","ts":1789940162955,"version":1,"why":"gm's own shared default config repo at https://github.com/AnEntrypoint/gm-config (no project or user config.source.json configured)"}
evt: {"event":"dispatch.end","ms":82,"ts":1789940163031,"verb":"codesearch"}
evt: {"event":"dispatch.end","ms":151,"sess":"zellous-audit-1789939343-desktop","ts":1789940163259,"verb":"cdp"}
evt: {"event":"dispatch.end","ms":221,"sess":"zva1try2","ts":1789940164127,"verb":"cdp"}
evt: {"event":"config_resolved","pinned_sha":"993d816b191e551b95f98bf6d1e643587b1a2edc","tier":"implicit_default_repo","ts":1789940169265,"version":1,"why":"gm's own shared default config repo at https://github.com/AnEntrypoint/gm-config (no project or user config.source.json configured)"}
evt: {"event":"config_resolved","pinned_sha":"993d816b191e551b95f98bf6d1e643587b1a2edc","tier":"implicit_default_repo","ts":1789940169268,"version":1,"why":"gm's own shared default config repo at https://github.com/AnEntrypoint/gm-config (no project or user config.source.json configured)"}
evt: {"event":"dispatch.end","ms":2783,"ts":1789940172045,"verb":"cdp"}
evt: {"event":"config_resolved","pinned_sha":"993d816b191e551b95f98bf6d1e643587b1a2edc","sess":"chatqa1","tier":"implicit_default_repo","ts":1789940172092,"version":1,"why":"gm's own shared default config repo at https://github.com/AnEntrypoint/gm-config (no project or user config.source.json configured)"}
evt: {"event":"config_resolved","pinned_sha":"993d816b191e551b95f98bf6d1e643587b1a2edc","sess":"chatqa1","tier":"implicit_default_repo","ts":1789940172099,"version":1,"why":"gm's own shared default config repo at https://github.com/AnEntrypoint/gm-config (no project or user config.source.json configured)"}
evt: {"event":"dispatch.end","ms":211,"sess":"chatqa1","ts":1789940172296,"verb":"cdp"}
evt: {"event":"dispatch.end","ms":385,"sess":"adv1","ts":1789940172725,"verb":"browser"}
evt: {"event":"config_resolved","pinned_sha":"993d816b191e551b95f98bf6d1e643587b1a2edc","sess":"zva1try2","tier":"implicit_default_repo","ts":1789940174846,"version":1,"why":"gm's own shared default config repo at https://github.com/AnEntrypoint/gm-config (no project or user config.source.json configured)"}
evt: {"event":"config_resolved","pinned_sha":"993d816b191e551b95f98bf6d1e643587b1a2edc","sess":"zva1try2","tier":"implicit_default_repo","ts":1789940174848,"version":1,"why":"gm's own shared default config repo at https://github.com/AnEntrypoint/gm-config (no project or user config.source.json configured)"}
evt: {"event":"dispatch.end","ms":177,"sess":"zva1try2","ts":1789940175020,"verb":"cdp"}
evt: {"event":"config_resolved","pinned_sha":"993d816b191e551b95f98bf6d1e643587b1a2edc","sess":"chatqa1","tier":"implicit_default_repo","ts":1789940178060,"version":1,"why":"gm's own shared default config repo at https://github.com/AnEntrypoint/gm-config (no project or user config.source.json configured)"}
evt: {"event":"config_resolved","pinned_sha":"993d816b191e551b95f98bf6d1e643587b1a2edc","sess":"chatqa1","tier":"implicit_default_repo","ts":1789940178063,"version":1,"why":"gm's own shared default config repo at https://github.com/AnEntrypoint/gm-config (no project or user config.source.json configured)"}
evt: {"event":"dispatch.end","ms":165,"sess":"chatqa1","ts":1789940178223,"verb":"cdp"}
evt: {"event":"dispatch.end","ms":1,"ts":1789940178878,"verb":"codesearch"}
evt: {"event":"dispatch.end","ms":584,"sess":"zellous-audit-1789939343-desktop","ts":1789940180002,"verb":"cdp"}
evt: {"event":"config_resolved","pinned_sha":"993d816b191e551b95f98bf6d1e643587b1a2edc","sess":"adv1","tier":"implicit_default_repo","ts":1789940180078,"version":1,"why":"gm's own shared default config repo at https://github.com/AnEntrypoint/gm-config (no project or user config.source.json configured)"}
evt: {"event":"config_resolved","pinned_sha":"993d816b191e551b95f98bf6d1e643587b1a2edc","sess":"adv1","tier":"implicit_default_repo","ts":1789940180081,"version":1,"why":"gm's own shared default config repo at https://github.com/AnEntrypoint/gm-config (no project or user config.source.json configured)"}
evt: {"event":"dispatch.end","ms":271,"sess":"adv1","ts":1789940180346,"verb":"browser"}
evt: {"event":"dispatch.end","ms":7232,"ts":1789940187616,"verb":"cdp"}
evt: {"event":"config_resolved","pinned_sha":"993d816b191e551b95f98bf6d1e643587b1a2edc","sess":"zva1try2","tier":"implicit_default_repo","ts":1789940187669,"version":1,"why":"gm's own shared default config repo at https://github.com/AnEntrypoint/gm-config (no project or user config.source.json configured)"}
evt: {"event":"config_resolved","pinned_sha":"993d816b191e551b95f98bf6d1e643587b1a2edc","sess":"zva1try2","tier":"implicit_default_repo","ts":1789940187673,"version":1,"why":"gm's own shared default config repo at https://github.com/AnEntrypoint/gm-config (no project or user config.source.json configured)"}
evt: {"event":"dispatch.end","ms":192,"sess":"zva1try2","ts":1789940187857,"verb":"cdp"}
evt: {"event":"dispatch.end","ms":42,"ts":1789940187963,"verb":"codesearch"}
evt: {"event":"dispatch.end","ms":13,"ts":1789940188389,"verb":"codesearch"}
evt: {"event":"config_resolved","pinned_sha":"993d816b191e551b95f98bf6d1e643587b1a2edc","sess":"zellous-audit-1789939343-desktop","tier":"implicit_default_repo","ts":1789940190107,"version":1,"why":"gm's own shared default config repo at https://github.com/AnEntrypoint/gm-config (no project or user config.source.json configured)"}
evt: {"event":"config_resolved","pinned_sha":"993d816b191e551b95f98bf6d1e643587b1a2edc","sess":"zellous-audit-1789939343-desktop","tier":"implicit_default_repo","ts":1789940190110,"version":1,"why":"gm's own shared default config repo at https://github.com/AnEntrypoint/gm-config (no project or user config.source.json configured)"}
evt: {"event":"dispatch.end","ms":813,"sess":"zellous-audit-1789939343-desktop","ts":1789940190917,"verb":"cdp"}
evt: {"event":"config_resolved","pinned_sha":"993d816b191e551b95f98bf6d1e643587b1a2edc","sess":"adv1","tier":"implicit_default_repo","ts":1789940194166,"version":1,"why":"gm's own shared default config repo at https://github.com/AnEntrypoint/gm-config (no project or user config.source.json configured)"}
evt: {"event":"config_resolved","pinned_sha":"993d816b191e551b95f98bf6d1e643587b1a2edc","sess":"adv1","tier":"implicit_default_repo","ts":1789940194168,"version":1,"why":"gm's own shared default config repo at https://github.com/AnEntrypoint/gm-config (no project or user config.source.json configured)"}
evt: {"event":"dispatch.end","ms":435,"sess":"adv1","ts":1789940194598,"verb":"browser"}
evt: {"event":"dispatch.end","ms":168,"sess":"zva1try2","ts":1789940195082,"verb":"cdp"}
evt: {"event":"dispatch.end","ms":174,"ts":1789940195614,"verb":"cdp"}
evt: {"event":"config_resolved","pinned_sha":"993d816b191e551b95f98bf6d1e643587b1a2edc","tier":"implicit_default_repo","ts":1789940196940,"version":1,"why":"gm's own shared default config repo at https://github.com/AnEntrypoint/gm-config (no project or user config.source.json configured)"}
evt: {"event":"config_resolved","pinned_sha":"993d816b191e551b95f98bf6d1e643587b1a2edc","tier":"implicit_default_repo","ts":1789940196943,"version":1,"why":"gm's own shared default config repo at https://github.com/AnEntrypoint/gm-config (no project or user config.source.json configured)"}
evt: {"event":"dispatch.end","ms":10,"ts":1789940196947,"verb":"codesearch"}
evt: {"event":"config_resolved","pinned_sha":"993d816b191e551b95f98bf6d1e643587b1a2edc","sess":"chatqa1","tier":"implicit_default_repo","ts":1789940201987,"version":1,"why":"gm's own shared default config repo at https://github.com/AnEntrypoint/gm-config (no project or user config.source.json configured)"}
evt: {"event":"config_resolved","pinned_sha":"993d816b191e551b95f98bf6d1e643587b1a2edc","sess":"chatqa1","tier":"implicit_default_repo","ts":1789940203040,"version":1,"why":"gm's own shared default config repo at https://github.com/AnEntrypoint/gm-config (no project or user config.source.json configured)"}
evt: {"event":"dispatch.end","ms":3725,"sess":"chatqa1","ts":1789940205710,"verb":"cdp"}
evt: {"event":"config_resolved","pinned_sha":"993d816b191e551b95f98bf6d1e643587b1a2edc","tier":"implicit_default_repo","ts":1789940205718,"version":1,"why":"gm's own shared default config repo at https://github.com/AnEntrypoint/gm-config (no project or user config.source.json configured)"}
evt: {"event":"config_resolved","pinned_sha":"993d816b191e551b95f98bf6d1e643587b1a2edc","tier":"implicit_default_repo","ts":1789940205721,"version":1,"why":"gm's own shared default config repo at https://github.com/AnEntrypoint/gm-config (no project or user config.source.json configured)"}
evt: {"event":"dispatch.end","ms":39,"ts":1789940205793,"verb":"codesearch"}
evt: {"event":"dispatch.end","ms":440,"sess":"adv1","ts":1789940206354,"verb":"browser"}
evt: {"event":"config_resolved","pinned_sha":"993d816b191e551b95f98bf6d1e643587b1a2edc","sess":"chatqa1","tier":"implicit_default_repo","ts":1789940209022,"version":1,"why":"gm's own shared default config repo at https://github.com/AnEntrypoint/gm-config (no project or user config.source.json configured)"}
evt: {"event":"config_resolved","pinned_sha":"993d816b191e551b95f98bf6d1e643587b1a2edc","sess":"chatqa1","tier":"implicit_default_repo","ts":1789940209025,"version":1,"why":"gm's own shared default config repo at https://github.com/AnEntrypoint/gm-config (no project or user config.source.json configured)"}
evt: {"event":"dispatch.end","ms":235,"sess":"chatqa1","ts":1789940209255,"verb":"cdp"}
evt: {"event":"config_resolved","pinned_sha":"993d816b191e551b95f98bf6d1e643587b1a2edc","tier":"implicit_default_repo","ts":1789940211415,"version":1,"why":"gm's own shared default config repo at https://github.com/AnEntrypoint/gm-config (no project or user config.source.json configured)"}
evt: {"event":"config_resolved","pinned_sha":"993d816b191e551b95f98bf6d1e643587b1a2edc","tier":"implicit_default_repo","ts":1789940211418,"version":1,"why":"gm's own shared default config repo at https://github.com/AnEntrypoint/gm-config (no project or user config.source.json configured)"}
evt: {"already_identical":false,"event":"prd.added","id":"voice-controls-mobile-touch-target","rescoped":false,"ts":1789940211421}
evt: {"event":"dispatch.end","ms":9,"ts":1789940211422,"verb":"prd-add"}
evt: {"event":"config_resolved","pinned_sha":"993d816b191e551b95f98bf6d1e643587b1a2edc","sess":"adv1","tier":"implicit_default_repo","ts":1789940216887,"version":1,"why":"gm's own shared default config repo at https://github.com/AnEntrypoint/gm-config (no project or user config.source.json configured)"}
evt: {"event":"config_resolved","pinned_sha":"993d816b191e551b95f98bf6d1e643587b1a2edc","sess":"adv1","tier":"implicit_default_repo","ts":1789940216889,"version":1,"why":"gm's own shared default config repo at https://github.com/AnEntrypoint/gm-config (no project or user config.source.json configured)"}
evt: {"event":"dispatch.end","ms":407,"sess":"adv1","ts":1789940217291,"verb":"browser"}
evt: {"event":"config_resolved","pinned_sha":"993d816b191e551b95f98bf6d1e643587b1a2edc","sess":"zva1try2","tier":"implicit_default_repo","ts":1789940218997,"version":1,"why":"gm's own shared default config repo at https://github.com/AnEntrypoint/gm-config (no project or user config.source.json configured)"}
evt: {"event":"config_resolved","pinned_sha":"993d816b191e551b95f98bf6d1e643587b1a2edc","sess":"zva1try2","tier":"implicit_default_repo","ts":1789940219000,"version":1,"why":"gm's own shared default config repo at https://github.com/AnEntrypoint/gm-config (no project or user config.source.json configured)"}
evt: {"event":"dispatch.end","ms":184,"sess":"zva1try2","ts":1789940219179,"verb":"cdp"}
evt: {"event":"dispatch.end","ms":2,"ts":1789940220931,"verb":"codesearch"}
evt: {"event":"config_resolved","pinned_sha":"993d816b191e551b95f98bf6d1e643587b1a2edc","tier":"implicit_default_repo","ts":1789940221294,"version":1,"why":"gm's own shared default config repo at https://github.com/AnEntrypoint/gm-config (no project or user config.source.json configured)"}
evt: {"event":"config_resolved","pinned_sha":"993d816b191e551b95f98bf6d1e643587b1a2edc","tier":"implicit_default_repo","ts":1789940221297,"version":1,"why":"gm's own shared default config repo at https://github.com/AnEntrypoint/gm-config (no project or user config.source.json configured)"}
evt: {"event":"dispatch.end","ms":7,"ts":1789940221299,"verb":"codesearch"}
evt: {"event":"config_resolved","pinned_sha":"993d816b191e551b95f98bf6d1e643587b1a2edc","sess":"zva1try2","tier":"implicit_default_repo","ts":1789940228394,"version":1,"why":"gm's own shared default config repo at https://github.com/AnEntrypoint/gm-config (no project or user config.source.json configured)"}
evt: {"event":"config_resolved","pinned_sha":"993d816b191e551b95f98bf6d1e643587b1a2edc","sess":"zva1try2","tier":"implicit_default_repo","ts":1789940228396,"version":1,"why":"gm's own shared default config repo at https://github.com/AnEntrypoint/gm-config (no project or user config.source.json configured)"}
evt: {"event":"dispatch.end","ms":165,"sess":"zva1try2","ts":1789940228556,"verb":"cdp"}
evt: {"event":"config_resolved","pinned_sha":"993d816b191e551b95f98bf6d1e643587b1a2edc","tier":"implicit_default_repo","ts":1789940230531,"version":1,"why":"gm's own shared default config repo at https://github.com/AnEntrypoint/gm-config (no project or user config.source.json configured)"}
evt: {"event":"config_resolved","pinned_sha":"993d816b191e551b95f98bf6d1e643587b1a2edc","tier":"implicit_default_repo","ts":1789940230534,"version":1,"why":"gm's own shared default config repo at https://github.com/AnEntrypoint/gm-config (no project or user config.source.json configured)"}
evt: {"event":"dispatch.end","ms":46,"ts":1789940230574,"verb":"codesearch"}
evt: {"event":"dispatch.end","ms":6639,"ts":1789940238046,"verb":"cdp"}
evt: {"event":"config_resolved","pinned_sha":"993d816b191e551b95f98bf6d1e643587b1a2edc","sess":"zva1try2","tier":"implicit_default_repo","ts":1789940238126,"version":1,"why":"gm's own shared default config repo at https://github.com/AnEntrypoint/gm-config (no project or user config.source.json configured)"}
evt: {"event":"config_resolved","pinned_sha":"993d816b191e551b95f98bf6d1e643587b1a2edc","sess":"zva1try2","tier":"implicit_default_repo","ts":1789940238130,"version":1,"why":"gm's own shared default config repo at https://github.com/AnEntrypoint/gm-config (no project or user config.source.json configured)"}
evt: {"event":"dispatch.end","ms":301,"sess":"zva1try2","ts":1789940238421,"verb":"cdp"}
evt: {"event":"dispatch.end","ms":184,"sess":"adv1","ts":1789940238663,"verb":"browser"}
evt: {"event":"dispatch.end","ms":2,"ts":1789940238737,"verb":"codesearch"}
evt: {"event":"config_resolved","pinned_sha":"993d816b191e551b95f98bf6d1e643587b1a2edc","sess":"zellous-audit-1789939343-desktop","tier":"implicit_default_repo","ts":1789940240332,"version":1,"why":"gm's own shared default config repo at https://github.com/AnEntrypoint/gm-config (no project or user config.source.json configured)"}
evt: {"event":"config_resolved","pinned_sha":"993d816b191e551b95f98bf6d1e643587b1a2edc","sess":"zellous-audit-1789939343-desktop","tier":"implicit_default_repo","ts":1789940240335,"version":1,"why":"gm's own shared default config repo at https://github.com/AnEntrypoint/gm-config (no project or user config.source.json configured)"}
evt: {"event":"dispatch.end","ms":6359,"sess":"zellous-audit-1789939343-desktop","ts":1789940246689,"verb":"cdp"}
evt: {"event":"config_resolved","pinned_sha":"993d816b191e551b95f98bf6d1e643587b1a2edc","tier":"implicit_default_repo","ts":1789940246699,"version":1,"why":"gm's own shared default config repo at https://github.com/AnEntrypoint/gm-config (no project or user config.source.json configured)"}
evt: {"event":"config_resolved","pinned_sha":"993d816b191e551b95f98bf6d1e643587b1a2edc","tier":"implicit_default_repo","ts":1789940246702,"version":1,"why":"gm's own shared default config repo at https://github.com/AnEntrypoint/gm-config (no project or user config.source.json configured)"}
evt: {"event":"dispatch.end","ms":468,"ts":1789940247218,"verb":"cdp"}
evt: {"event":"dispatch.end","ms":170,"sess":"zva1try2","ts":1789940247427,"verb":"cdp"}
evt: {"event":"dispatch.end","ms":427,"sess":"adv1","ts":1789940247939,"verb":"browser"}
evt: {"event":"config_resolved","pinned_sha":"993d816b191e551b95f98bf6d1e643587b1a2edc","tier":"implicit_default_repo","ts":1789940253765,"version":1,"why":"gm's own shared default config repo at https://github.com/AnEntrypoint/gm-config (no project or user config.source.json configured)"}
evt: {"event":"config_resolved","pinned_sha":"993d816b191e551b95f98bf6d1e643587b1a2edc","tier":"implicit_default_repo","ts":1789940253768,"version":1,"why":"gm's own shared default config repo at https://github.com/AnEntrypoint/gm-config (no project or user config.source.json configured)"}
evt: {"event":"dispatch.end","ms":177,"ts":1789940253938,"verb":"cdp"}
evt: {"event":"dispatch.end","ms":1401,"sess":"zellous-audit-1789939343-desktop","ts":1789940256126,"verb":"cdp"}
evt: {"event":"config_resolved","pinned_sha":"993d816b191e551b95f98bf6d1e643587b1a2edc","tier":"implicit_default_repo","ts":1789940256134,"version":1,"why":"gm's own shared default config repo at https://github.com/AnEntrypoint/gm-config (no project or user config.source.json configured)"}
evt: {"event":"config_resolved","pinned_sha":"993d816b191e551b95f98bf6d1e643587b1a2edc","tier":"implicit_default_repo","ts":1789940256137,"version":1,"why":"gm's own shared default config repo at https://github.com/AnEntrypoint/gm-config (no project or user config.source.json configured)"}
evt: {"event":"config_resolved","pinned_sha":"993d816b191e551b95f98bf6d1e643587b1a2edc","sess":"zva1try2","tier":"implicit_default_repo","ts":1789940264682,"version":1,"why":"gm's own shared default config repo at https://github.com/AnEntrypoint/gm-config (no project or user config.source.json configured)"}
evt: {"event":"config_resolved","pinned_sha":"993d816b191e551b95f98bf6d1e643587b1a2edc","sess":"zva1try2","tier":"implicit_default_repo","ts":1789940264684,"version":1,"why":"gm's own shared default config repo at https://github.com/AnEntrypoint/gm-config (no project or user config.source.json configured)"}
evt: {"event":"dispatch.end","ms":175,"sess":"zva1try2","ts":1789940264854,"verb":"cdp"}
evt: {"event":"dispatch.end","ms":729,"ts":1789940266015,"verb":"cdp"}
evt: {"event":"dispatch.end","ms":1945,"sess":"zellous-audit-1789939343-desktop","ts":1789940267997,"verb":"cdp"}
evt: {"event":"config_resolved","pinned_sha":"993d816b191e551b95f98bf6d1e643587b1a2edc","tier":"implicit_default_repo","ts":1789940268005,"version":1,"why":"gm's own shared default config repo at https://github.com/AnEntrypoint/gm-config (no project or user config.source.json configured)"}
evt: {"event":"config_resolved","pinned_sha":"993d816b191e551b95f98bf6d1e643587b1a2edc","tier":"implicit_default_repo","ts":1789940268007,"version":1,"why":"gm's own shared default config repo at https://github.com/AnEntrypoint/gm-config (no project or user config.source.json configured)"}
evt: {"event":"dispatch.end","ms":17499,"sess":"chatqa1","ts":1789940285562,"verb":"cdp"}
evt: {"event":"config_resolved","pinned_sha":"993d816b191e551b95f98bf6d1e643587b1a2edc","tier":"implicit_default_repo","ts":1789940292091,"version":1,"why":"gm's own shared default config repo at https://github.com/AnEntrypoint/gm-config (no project or user config.source.json configured)"}
evt: {"event":"config_resolved","pinned_sha":"993d816b191e551b95f98bf6d1e643587b1a2edc","tier":"implicit_default_repo","ts":1789940292100,"version":1,"why":"gm's own shared default config repo at https://github.com/AnEntrypoint/gm-config (no project or user config.source.json configured)"}
evt: {"event":"dispatch.end","ms":2688,"sess":"zellous-audit-1789939343-desktop","ts":1789940296083,"verb":"cdp"}
evt: {"event":"config_resolved","pinned_sha":"993d816b191e551b95f98bf6d1e643587b1a2edc","tier":"implicit_default_repo","ts":1789940296234,"version":1,"why":"gm's own shared default config repo at https://github.com/AnEntrypoint/gm-config (no project or user config.source.json configured)"}
evt: {"event":"config_resolved","pinned_sha":"993d816b191e551b95f98bf6d1e643587b1a2edc","tier":"implicit_default_repo","ts":1789940296242,"version":1,"why":"gm's own shared default config repo at https://github.com/AnEntrypoint/gm-config (no project or user config.source.json configured)"}
evt: {"event":"dispatch.end","ms":265,"ts":1789940296689,"verb":"cdp"}
evt: {"event":"dispatch.end","ms":2909,"sess":"adv1","ts":1789940299791,"verb":"browser"}
evt: {"event":"config_resolved","pinned_sha":"993d816b191e551b95f98bf6d1e643587b1a2edc","tier":"implicit_default_repo","ts":1789940299968,"version":1,"why":"gm's own shared default config repo at https://github.com/AnEntrypoint/gm-config (no project or user config.source.json configured)"}
evt: {"event":"config_resolved","pinned_sha":"993d816b191e551b95f98bf6d1e643587b1a2edc","tier":"implicit_default_repo","ts":1789940299974,"version":1,"why":"gm's own shared default config repo at https://github.com/AnEntrypoint/gm-config (no project or user config.source.json configured)"}
evt: {"event":"config_resolved","pinned_sha":"993d816b191e551b95f98bf6d1e643587b1a2edc","sess":"zellous-audit-1789939343-desktop","tier":"implicit_default_repo","ts":1789940303875,"version":1,"why":"gm's own shared default config repo at https://github.com/AnEntrypoint/gm-config (no project or user config.source.json configured)"}
evt: {"event":"config_resolved","pinned_sha":"993d816b191e551b95f98bf6d1e643587b1a2edc","sess":"zellous-audit-1789939343-desktop","tier":"implicit_default_repo","ts":1789940303878,"version":1,"why":"gm's own shared default config repo at https://github.com/AnEntrypoint/gm-config (no project or user config.source.json configured)"}
evt: {"event":"dispatch.end","ms":1838,"sess":"zellous-audit-1789939343-desktop","ts":1789940305711,"verb":"cdp"}
evt: {"event":"dispatch.end","ms":210,"ts":1789940305997,"verb":"cdp"}
evt: {"event":"config_resolved","pinned_sha":"993d816b191e551b95f98bf6d1e643587b1a2edc","sess":"adv1","tier":"implicit_default_repo","ts":1789940306349,"version":1,"why":"gm's own shared default config repo at https://github.com/AnEntrypoint/gm-config (no project or user config.source.json configured)"}
evt: {"event":"config_resolved","pinned_sha":"993d816b191e551b95f98bf6d1e643587b1a2edc","sess":"adv1","tier":"implicit_default_repo","ts":1789940306352,"version":1,"why":"gm's own shared default config repo at https://github.com/AnEntrypoint/gm-config (no project or user config.source.json configured)"}
evt: {"event":"dispatch.end","ms":162,"sess":"adv1","ts":1789940306509,"verb":"browser"}
evt: {"event":"dispatch.end","ms":6437,"sess":"chatqa1","ts":1789940314284,"verb":"cdp"}
evt: {"event":"config_resolved","pinned_sha":"993d816b191e551b95f98bf6d1e643587b1a2edc","tier":"implicit_default_repo","ts":1789940314299,"version":1,"why":"gm's own shared default config repo at https://github.com/AnEntrypoint/gm-config (no project or user config.source.json configured)"}
evt: {"event":"config_resolved","pinned_sha":"993d816b191e551b95f98bf6d1e643587b1a2edc","tier":"implicit_default_repo","ts":1789940314302,"version":1,"why":"gm's own shared default config repo at https://github.com/AnEntrypoint/gm-config (no project or user config.source.json configured)"}
evt: {"event":"dispatch.end","ms":1728,"sess":"zellous-audit-1789939343-desktop","ts":1789940316104,"verb":"cdp"}
evt: {"event":"dispatch.end","ms":1,"ts":1789940316138,"verb":"codesearch"}
evt: {"event":"config_resolved","pinned_sha":"993d816b191e551b95f98bf6d1e643587b1a2edc","sess":"adv1","tier":"implicit_default_repo","ts":1789940316791,"version":1,"why":"gm's own shared default config repo at https://github.com/AnEntrypoint/gm-config (no project or user config.source.json configured)"}
evt: {"event":"config_resolved","pinned_sha":"993d816b191e551b95f98bf6d1e643587b1a2edc","sess":"adv1","tier":"implicit_default_repo","ts":1789940316793,"version":1,"why":"gm's own shared default config repo at https://github.com/AnEntrypoint/gm-config (no project or user config.source.json configured)"}
evt: {"event":"dispatch.end","ms":161,"sess":"adv1","ts":1789940316949,"verb":"browser"}
evt: {"event":"config_resolved","pinned_sha":"993d816b191e551b95f98bf6d1e643587b1a2edc","sess":"chatqa1","tier":"implicit_default_repo","ts":1789940320561,"version":1,"why":"gm's own shared default config repo at https://github.com/AnEntrypoint/gm-config (no project or user config.source.json configured)"}
evt: {"event":"config_resolved","pinned_sha":"993d816b191e551b95f98bf6d1e643587b1a2edc","sess":"chatqa1","tier":"implicit_default_repo","ts":1789940320563,"version":1,"why":"gm's own shared default config repo at https://github.com/AnEntrypoint/gm-config (no project or user config.source.json configured)"}
evt: {"event":"dispatch.end","ms":236,"sess":"chatqa1","ts":1789940320794,"verb":"cdp"}
evt: {"event":"dispatch.end","ms":1259,"sess":"zellous-audit-1789939343-desktop","ts":1789940323322,"verb":"cdp"}
evt: {"event":"config_resolved","pinned_sha":"993d816b191e551b95f98bf6d1e643587b1a2edc","tier":"implicit_default_repo","ts":1789940323330,"version":1,"why":"gm's own shared default config repo at https://github.com/AnEntrypoint/gm-config (no project or user config.source.json configured)"}
evt: {"event":"config_resolved","pinned_sha":"993d816b191e551b95f98bf6d1e643587b1a2edc","tier":"implicit_default_repo","ts":1789940323332,"version":1,"why":"gm's own shared default config repo at https://github.com/AnEntrypoint/gm-config (no project or user config.source.json configured)"}
evt: {"event":"dispatch.end","ms":12,"ts":1789940323385,"verb":"codesearch"}
evt: {"event":"config_resolved","pinned_sha":"993d816b191e551b95f98bf6d1e643587b1a2edc","sess":"zellous-audit-1789939343-desktop","tier":"implicit_default_repo","ts":1789940332974,"version":1,"why":"gm's own shared default config repo at https://github.com/AnEntrypoint/gm-config (no project or user config.source.json configured)"}
evt: {"event":"config_resolved","pinned_sha":"993d816b191e551b95f98bf6d1e643587b1a2edc","sess":"zellous-audit-1789939343-desktop","tier":"implicit_default_repo","ts":1789940332976,"version":1,"why":"gm's own shared default config repo at https://github.com/AnEntrypoint/gm-config (no project or user config.source.json configured)"}
evt: {"event":"dispatch.end","ms":658,"sess":"zellous-audit-1789939343-desktop","ts":1789940333628,"verb":"cdp"}
evt: {"event":"config_resolved","pinned_sha":"993d816b191e551b95f98bf6d1e643587b1a2edc","tier":"implicit_default_repo","ts":1789940336363,"version":1,"why":"gm's own shared default config repo at https://github.com/AnEntrypoint/gm-config (no project or user config.source.json configured)"}
evt: {"event":"config_resolved","pinned_sha":"993d816b191e551b95f98bf6d1e643587b1a2edc","tier":"implicit_default_repo","ts":1789940336366,"version":1,"why":"gm's own shared default config repo at https://github.com/AnEntrypoint/gm-config (no project or user config.source.json configured)"}
evt: {"event":"dispatch.end","ms":49,"ts":1789940336409,"verb":"codesearch"}
evt: {"event":"config_resolved","pinned_sha":"993d816b191e551b95f98bf6d1e643587b1a2edc","sess":"zellous-audit-1789939343-mobile","tier":"implicit_default_repo","ts":1789940344617,"version":1,"why":"gm's own shared default config repo at https://github.com/AnEntrypoint/gm-config (no project or user config.source.json configured)"}
evt: {"event":"config_resolved","pinned_sha":"993d816b191e551b95f98bf6d1e643587b1a2edc","sess":"zellous-audit-1789939343-mobile","tier":"implicit_default_repo","ts":1789940344619,"version":1,"why":"gm's own shared default config repo at https://github.com/AnEntrypoint/gm-config (no project or user config.source.json configured)"}
evt: {"event":"dispatch.end","ms":5804,"sess":"zellous-audit-1789939343-mobile","ts":1789940350418,"verb":"cdp"}
evt: {"event":"config_resolved","pinned_sha":"993d816b191e551b95f98bf6d1e643587b1a2edc","tier":"implicit_default_repo","ts":1789940351269,"version":1,"why":"gm's own shared default config repo at https://github.com/AnEntrypoint/gm-config (no project or user config.source.json configured)"}
evt: {"event":"config_resolved","pinned_sha":"993d816b191e551b95f98bf6d1e643587b1a2edc","tier":"implicit_default_repo","ts":1789940351283,"version":1,"why":"gm's own shared default config repo at https://github.com/AnEntrypoint/gm-config (no project or user config.source.json configured)"}
evt: {"event":"dispatch.end","ms":5581,"sess":"chatqa1","ts":1789940357080,"verb":"cdp"}
evt: {"event":"config_resolved","pinned_sha":"993d816b191e551b95f98bf6d1e643587b1a2edc","tier":"implicit_default_repo","ts":1789940357104,"version":1,"why":"gm's own shared default config repo at https://github.com/AnEntrypoint/gm-config (no project or user config.source.json configured)"}
evt: {"event":"config_resolved","pinned_sha":"993d816b191e551b95f98bf6d1e643587b1a2edc","tier":"implicit_default_repo","ts":1789940357109,"version":1,"why":"gm's own shared default config repo at https://github.com/AnEntrypoint/gm-config (no project or user config.source.json configured)"}
evt: {"event":"git.commit","repo":null,"sha":"612234400a","sha_full":"612234400ad7ba24035b972a5dcc9dced5c97c05","sub":"git","summary":"fix(a11y): visible focus ring on modal-input; dialog semantics + focus-trap/Escape/restore on auth modal","ts":1789940357261}
evt: {"event":"liqology_record_skipped","reason":"unknown_plugin","sha_full":"612234400ad7ba24035b972a5dcc9dced5c97c05","ts":1789940357769}
evt: {"event":"config_resolved","pinned_sha":"993d816b191e551b95f98bf6d1e643587b1a2edc","tier":"implicit_default_repo","ts":1789940360829,"version":1,"why":"gm's own shared default config repo at https://github.com/AnEntrypoint/gm-config (no project or user config.source.json configured)"}
evt: {"event":"config_resolved","pinned_sha":"993d816b191e551b95f98bf6d1e643587b1a2edc","tier":"implicit_default_repo","ts":1789940360832,"version":1,"why":"gm's own shared default config repo at https://github.com/AnEntrypoint/gm-config (no project or user config.source.json configured)"}
evt: {"detail":"main","event":"deviation.push-rebase-conflict","kind":"push-rebase-conflict","severity":"log","source":"rs-plugkit/git_push","sub":"hook","ts":1789940360833}
evt: {"event":"dispatch.end","ms":3651,"ts":1789940360833,"verb":"git_finalize"}
evt: {"event":"config_resolved","pinned_sha":"993d816b191e551b95f98bf6d1e643587b1a2edc","tier":"implicit_default_repo","ts":1789940370328,"version":1,"why":"gm's own shared default config repo at https://github.com/AnEntrypoint/gm-config (no project or user config.source.json configured)"}
evt: {"event":"config_resolved","pinned_sha":"993d816b191e551b95f98bf6d1e643587b1a2edc","tier":"implicit_default_repo","ts":1789940370330,"version":1,"why":"gm's own shared default config repo at https://github.com/AnEntrypoint/gm-config (no project or user config.source.json configured)"}
evt: {"detail":"main","event":"deviation.push-explicit-ref-remote-moved","kind":"push-explicit-ref-remote-moved","severity":"log","source":"rs-plugkit/git_push","sub":"hook","ts":1789940372175,"unregistered_kind":true}
evt: {"event":"dispatch.end","ms":1851,"ts":1789940372175,"verb":"git_push"}
evt: {"event":"config_resolved","pinned_sha":"993d816b191e551b95f98bf6d1e643587b1a2edc","tier":"implicit_default_repo","ts":1789940376824,"version":1,"why":"gm's own shared default config repo at https://github.com/AnEntrypoint/gm-config (no project or user config.source.json configured)"}
evt: {"event":"config_resolved","pinned_sha":"993d816b191e551b95f98bf6d1e643587b1a2edc","tier":"implicit_default_repo","ts":1789940376826,"version":1,"why":"gm's own shared default config repo at https://github.com/AnEntrypoint/gm-config (no project or user config.source.json configured)"}
evt: {"event":"dispatch.end","ms":771,"ts":1789940377591,"verb":"git_pull"}
evt: {"event":"config_resolved","pinned_sha":"993d816b191e551b95f98bf6d1e643587b1a2edc","sess":"zellous-audit-1789939343-mobile2","tier":"implicit_default_repo","ts":1789940382594,"version":1,"why":"gm's own shared default config repo at https://github.com/AnEntrypoint/gm-config (no project or user config.source.json configured)"}
evt: {"event":"config_resolved","pinned_sha":"993d816b191e551b95f98bf6d1e643587b1a2edc","sess":"zellous-audit-1789939343-mobile2","tier":"implicit_default_repo","ts":1789940382597,"version":1,"why":"gm's own shared default config repo at https://github.com/AnEntrypoint/gm-config (no project or user config.source.json configured)"}
evt: {"event":"dispatch.end","ms":9626,"sess":"zellous-audit-1789939343-mobile2","ts":1789940392217,"verb":"cdp"}
evt: {"event":"config_resolved","pinned_sha":"993d816b191e551b95f98bf6d1e643587b1a2edc","tier":"implicit_default_repo","ts":1789940392229,"version":1,"why":"gm's own shared default config repo at https://github.com/AnEntrypoint/gm-config (no project or user config.source.json configured)"}
evt: {"event":"config_resolved","pinned_sha":"993d816b191e551b95f98bf6d1e643587b1a2edc","tier":"implicit_default_repo","ts":1789940392231,"version":1,"why":"gm's own shared default config repo at https://github.com/AnEntrypoint/gm-config (no project or user config.source.json configured)"}
evt: {"event":"dispatch.end","ms":8,"ts":1789940392297,"verb":"git_status"}
evt: {"event":"dispatch.end","ms":6956,"sess":"chatqa1","ts":1789940399300,"verb":"cdp"}
evt: {"event":"config_resolved","pinned_sha":"993d816b191e551b95f98bf6d1e643587b1a2edc","tier":"implicit_default_repo","ts":1789940399310,"version":1,"why":"gm's own shared default config repo at https://github.com/AnEntrypoint/gm-config (no project or user config.source.json configured)"}
evt: {"event":"config_resolved","pinned_sha":"993d816b191e551b95f98bf6d1e643587b1a2edc","tier":"implicit_default_repo","ts":1789940399313,"version":1,"why":"gm's own shared default config repo at https://github.com/AnEntrypoint/gm-config (no project or user config.source.json configured)"}
evt: {"event":"config_resolved","pinned_sha":"993d816b191e551b95f98bf6d1e643587b1a2edc","sess":"chatqa1","tier":"implicit_default_repo","ts":1789940405468,"version":1,"why":"gm's own shared default config repo at https://github.com/AnEntrypoint/gm-config (no project or user config.source.json configured)"}
evt: {"event":"config_resolved","pinned_sha":"993d816b191e551b95f98bf6d1e643587b1a2edc","sess":"chatqa1","tier":"implicit_default_repo","ts":1789940405471,"version":1,"why":"gm's own shared default config repo at https://github.com/AnEntrypoint/gm-config (no project or user config.source.json configured)"}
evt: {"event":"dispatch.end","ms":252,"sess":"chatqa1","ts":1789940405717,"verb":"cdp"}
evt: {"event":"config_resolved","pinned_sha":"993d816b191e551b95f98bf6d1e643587b1a2edc","sess":"chatqa1","tier":"implicit_default_repo","ts":1789940418406,"version":1,"why":"gm's own shared default config repo at https://github.com/AnEntrypoint/gm-config (no project or user config.source.json configured)"}
evt: {"event":"config_resolved","pinned_sha":"993d816b191e551b95f98bf6d1e643587b1a2edc","sess":"chatqa1","tier":"implicit_default_repo","ts":1789940418409,"version":1,"why":"gm's own shared default config repo at https://github.com/AnEntrypoint/gm-config (no project or user config.source.json configured)"}
evt: {"event":"dispatch.end","ms":5573,"sess":"chatqa1","ts":1789940423977,"verb":"cdp"}
evt: {"event":"config_resolved","pinned_sha":"993d816b191e551b95f98bf6d1e643587b1a2edc","tier":"implicit_default_repo","ts":1789940424061,"version":1,"why":"gm's own shared default config repo at https://github.com/AnEntrypoint/gm-config (no project or user config.source.json configured)"}
evt: {"event":"config_resolved","pinned_sha":"993d816b191e551b95f98bf6d1e643587b1a2edc","tier":"implicit_default_repo","ts":1789940424069,"version":1,"why":"gm's own shared default config repo at https://github.com/AnEntrypoint/gm-config (no project or user config.source.json configured)"}
evt: {"event":"config_resolved","pinned_sha":"993d816b191e551b95f98bf6d1e643587b1a2edc","sess":"chatqa1","tier":"implicit_default_repo","ts":1789940442518,"version":1,"why":"gm's own shared default config repo at https://github.com/AnEntrypoint/gm-config (no project or user config.source.json configured)"}
evt: {"event":"config_resolved","pinned_sha":"993d816b191e551b95f98bf6d1e643587b1a2edc","sess":"chatqa1","tier":"implicit_default_repo","ts":1789940442521,"version":1,"why":"gm's own shared default config repo at https://github.com/AnEntrypoint/gm-config (no project or user config.source.json configured)"}
evt: {"event":"dispatch.end","ms":11623,"sess":"chatqa1","ts":1789940454131,"verb":"cdp"}
evt: {"event":"config_resolved","pinned_sha":"993d816b191e551b95f98bf6d1e643587b1a2edc","tier":"implicit_default_repo","ts":1789940454148,"version":1,"why":"gm's own shared default config repo at https://github.com/AnEntrypoint/gm-config (no project or user config.source.json configured)"}
evt: {"event":"config_resolved","pinned_sha":"993d816b191e551b95f98bf6d1e643587b1a2edc","tier":"implicit_default_repo","ts":1789940454152,"version":1,"why":"gm's own shared default config repo at https://github.com/AnEntrypoint/gm-config (no project or user config.source.json configured)"}
evt: {"event":"config_resolved","pinned_sha":"993d816b191e551b95f98bf6d1e643587b1a2edc","sess":"chatqa1","tier":"implicit_default_repo","ts":1789940460016,"version":1,"why":"gm's own shared default config repo at https://github.com/AnEntrypoint/gm-config (no project or user config.source.json configured)"}
evt: {"event":"config_resolved","pinned_sha":"993d816b191e551b95f98bf6d1e643587b1a2edc","sess":"chatqa1","tier":"implicit_default_repo","ts":1789940460019,"version":1,"why":"gm's own shared default config repo at https://github.com/AnEntrypoint/gm-config (no project or user config.source.json configured)"}
evt: {"event":"dispatch.end","ms":266,"sess":"chatqa1","ts":1789940460279,"verb":"cdp"}
evt: {"event":"config_resolved","pinned_sha":"993d816b191e551b95f98bf6d1e643587b1a2edc","sess":"chatqa1","tier":"implicit_default_repo","ts":1789940468644,"version":1,"why":"gm's own shared default config repo at https://github.com/AnEntrypoint/gm-config (no project or user config.source.json configured)"}
evt: {"event":"config_resolved","pinned_sha":"993d816b191e551b95f98bf6d1e643587b1a2edc","sess":"chatqa1","tier":"implicit_default_repo","ts":1789940468647,"version":1,"why":"gm's own shared default config repo at https://github.com/AnEntrypoint/gm-config (no project or user config.source.json configured)"}
evt: {"event":"dispatch.end","ms":2701,"sess":"chatqa1","ts":1789940471342,"verb":"cdp"}
evt: {"event":"config_resolved","pinned_sha":"993d816b191e551b95f98bf6d1e643587b1a2edc","tier":"implicit_default_repo","ts":1789940471364,"version":1,"why":"gm's own shared default config repo at https://github.com/AnEntrypoint/gm-config (no project or user config.source.json configured)"}
evt: {"event":"config_resolved","pinned_sha":"993d816b191e551b95f98bf6d1e643587b1a2edc","tier":"implicit_default_repo","ts":1789940471369,"version":1,"why":"gm's own shared default config repo at https://github.com/AnEntrypoint/gm-config (no project or user config.source.json configured)"}
evt: {"event":"config_resolved","pinned_sha":"993d816b191e551b95f98bf6d1e643587b1a2edc","sess":"chatqa1","tier":"implicit_default_repo","ts":1789940477787,"version":1,"why":"gm's own shared default config repo at https://github.com/AnEntrypoint/gm-config (no project or user config.source.json configured)"}
evt: {"event":"config_resolved","pinned_sha":"993d816b191e551b95f98bf6d1e643587b1a2edc","sess":"chatqa1","tier":"implicit_default_repo","ts":1789940477789,"version":1,"why":"gm's own shared default config repo at https://github.com/AnEntrypoint/gm-config (no project or user config.source.json configured)"}
evt: {"event":"dispatch.end","ms":575,"sess":"chatqa1","ts":1789940478359,"verb":"cdp"}
evt: {"event":"config_resolved","pinned_sha":"993d816b191e551b95f98bf6d1e643587b1a2edc","sess":"chatqa1","tier":"implicit_default_repo","ts":1789940487463,"version":1,"why":"gm's own shared default config repo at https://github.com/AnEntrypoint/gm-config (no project or user config.source.json configured)"}
evt: {"event":"config_resolved","pinned_sha":"993d816b191e551b95f98bf6d1e643587b1a2edc","sess":"chatqa1","tier":"implicit_default_repo","ts":1789940487465,"version":1,"why":"gm's own shared default config repo at https://github.com/AnEntrypoint/gm-config (no project or user config.source.json configured)"}
evt: {"event":"dispatch.end","ms":583,"sess":"chatqa1","ts":1789940488043,"verb":"cdp"}
evt: {"event":"config_resolved","pinned_sha":"993d816b191e551b95f98bf6d1e643587b1a2edc","sess":"chatqa1","tier":"implicit_default_repo","ts":1789940494708,"version":1,"why":"gm's own shared default config repo at https://github.com/AnEntrypoint/gm-config (no project or user config.source.json configured)"}
evt: {"event":"config_resolved","pinned_sha":"993d816b191e551b95f98bf6d1e643587b1a2edc","sess":"chatqa1","tier":"implicit_default_repo","ts":1789940494711,"version":1,"why":"gm's own shared default config repo at https://github.com/AnEntrypoint/gm-config (no project or user config.source.json configured)"}
evt: {"event":"dispatch.end","ms":564,"sess":"chatqa1","ts":1789940495269,"verb":"cdp"}
evt: {"event":"config_resolved","pinned_sha":"993d816b191e551b95f98bf6d1e643587b1a2edc","sess":"chatqa1","tier":"implicit_default_repo","ts":1789940504062,"version":1,"why":"gm's own shared default config repo at https://github.com/AnEntrypoint/gm-config (no project or user config.source.json configured)"}
evt: {"event":"config_resolved","pinned_sha":"993d816b191e551b95f98bf6d1e643587b1a2edc","sess":"chatqa1","tier":"implicit_default_repo","ts":1789940505071,"version":1,"why":"gm's own shared default config repo at https://github.com/AnEntrypoint/gm-config (no project or user config.source.json configured)"}
evt: {"event":"dispatch.end","ms":1474,"sess":"chatqa1","ts":1789940505533,"verb":"cdp"}
evt: {"event":"config_resolved","pinned_sha":"993d816b191e551b95f98bf6d1e643587b1a2edc","sess":"chatqa1","tier":"implicit_default_repo","ts":1789940510835,"version":1,"why":"gm's own shared default config repo at https://github.com/AnEntrypoint/gm-config (no project or user config.source.json configured)"}
evt: {"event":"config_resolved","pinned_sha":"993d816b191e551b95f98bf6d1e643587b1a2edc","sess":"chatqa1","tier":"implicit_default_repo","ts":1789940510838,"version":1,"why":"gm's own shared default config repo at https://github.com/AnEntrypoint/gm-config (no project or user config.source.json configured)"}
evt: {"event":"dispatch.end","ms":491,"sess":"chatqa1","ts":1789940511323,"verb":"cdp"}
evt: {"event":"config_resolved","pinned_sha":"993d816b191e551b95f98bf6d1e643587b1a2edc","sess":"chatqa1","tier":"implicit_default_repo","ts":1789940517229,"version":1,"why":"gm's own shared default config repo at https://github.com/AnEntrypoint/gm-config (no project or user config.source.json configured)"}
evt: {"event":"config_resolved","pinned_sha":"993d816b191e551b95f98bf6d1e643587b1a2edc","sess":"chatqa1","tier":"implicit_default_repo","ts":1789940517231,"version":1,"why":"gm's own shared default config repo at https://github.com/AnEntrypoint/gm-config (no project or user config.source.json configured)"}
evt: {"event":"dispatch.end","ms":173,"sess":"chatqa1","ts":1789940517399,"verb":"cdp"}
evt: {"event":"config_resolved","pinned_sha":"993d816b191e551b95f98bf6d1e643587b1a2edc","sess":"chatqa1","tier":"implicit_default_repo","ts":1789940523739,"version":1,"why":"gm's own shared default config repo at https://github.com/AnEntrypoint/gm-config (no project or user config.source.json configured)"}
evt: {"event":"config_resolved","pinned_sha":"993d816b191e551b95f98bf6d1e643587b1a2edc","sess":"chatqa1","tier":"implicit_default_repo","ts":1789940523742,"version":1,"why":"gm's own shared default config repo at https://github.com/AnEntrypoint/gm-config (no project or user config.source.json configured)"}
evt: {"event":"dispatch.end","ms":587,"sess":"chatqa1","ts":1789940524323,"verb":"cdp"}
evt: {"event":"config_resolved","pinned_sha":"993d816b191e551b95f98bf6d1e643587b1a2edc","tier":"implicit_default_repo","ts":1789940529268,"version":1,"why":"gm's own shared default config repo at https://github.com/AnEntrypoint/gm-config (no project or user config.source.json configured)"}
evt: {"event":"config_resolved","pinned_sha":"993d816b191e551b95f98bf6d1e643587b1a2edc","tier":"implicit_default_repo","ts":1789940529271,"version":1,"why":"gm's own shared default config repo at https://github.com/AnEntrypoint/gm-config (no project or user config.source.json configured)"}
evt: {"event":"dispatch.end","ms":58,"ts":1789940529324,"verb":"codesearch"}
evt: {"event":"dispatch.end","ms":273,"sess":"chatqa1","ts":1789940529644,"verb":"cdp"}
evt: {"event":"config_resolved","pinned_sha":"993d816b191e551b95f98bf6d1e643587b1a2edc","sess":"pflx1","tier":"implicit_default_repo","ts":1789940533548,"version":1,"why":"gm's own shared default config repo at https://github.com/AnEntrypoint/gm-config (no project or user config.source.json configured)"}
evt: {"event":"config_resolved","pinned_sha":"993d816b191e551b95f98bf6d1e643587b1a2edc","sess":"pflx1","tier":"implicit_default_repo","ts":1789940533551,"version":1,"why":"gm's own shared default config repo at https://github.com/AnEntrypoint/gm-config (no project or user config.source.json configured)"}
evt: {"event":"dispatch.end","ms":793,"sess":"pflx1","ts":1789940534338,"verb":"cdp"}
evt: {"event":"config_resolved","pinned_sha":"993d816b191e551b95f98bf6d1e643587b1a2edc","sess":"chatqa1","tier":"implicit_default_repo","ts":1789940544318,"version":1,"why":"gm's own shared default config repo at https://github.com/AnEntrypoint/gm-config (no project or user config.source.json configured)"}
evt: {"event":"config_resolved","pinned_sha":"993d816b191e551b95f98bf6d1e643587b1a2edc","sess":"chatqa1","tier":"implicit_default_repo","ts":1789940544321,"version":1,"why":"gm's own shared default config repo at https://github.com/AnEntrypoint/gm-config (no project or user config.source.json configured)"}
evt: {"event":"dispatch.end","ms":496,"sess":"chatqa1","ts":1789940544811,"verb":"cdp"}
evt: {"event":"config_resolved","pinned_sha":"993d816b191e551b95f98bf6d1e643587b1a2edc","sess":"adv1","tier":"implicit_default_repo","ts":1789940547414,"version":1,"why":"gm's own shared default config repo at https://github.com/AnEntrypoint/gm-config (no project or user config.source.json configured)"}
evt: {"event":"config_resolved","pinned_sha":"993d816b191e551b95f98bf6d1e643587b1a2edc","sess":"adv1","tier":"implicit_default_repo","ts":1789940547416,"version":1,"why":"gm's own shared default config repo at https://github.com/AnEntrypoint/gm-config (no project or user config.source.json configured)"}
evt: {"event":"dispatch.end","ms":1395,"sess":"adv1","ts":1789940548806,"verb":"browser"}
evt: {"event":"config_resolved","pinned_sha":"993d816b191e551b95f98bf6d1e643587b1a2edc","sess":"chatqa1","tier":"implicit_default_repo","ts":1789940552106,"version":1,"why":"gm's own shared default config repo at https://github.com/AnEntrypoint/gm-config (no project or user config.source.json configured)"}
evt: {"event":"config_resolved","pinned_sha":"993d816b191e551b95f98bf6d1e643587b1a2edc","sess":"chatqa1","tier":"implicit_default_repo","ts":1789940552110,"version":1,"why":"gm's own shared default config repo at https://github.com/AnEntrypoint/gm-config (no project or user config.source.json configured)"}
evt: {"event":"dispatch.end","ms":510,"sess":"chatqa1","ts":1789940552612,"verb":"cdp"}
evt: {"event":"dispatch.end","ms":4022,"sess":"pflsdktest","ts":1789940556793,"verb":"cdp"}
evt: {"event":"config_resolved","pinned_sha":"993d816b191e551b95f98bf6d1e643587b1a2edc","tier":"implicit_default_repo","ts":1789940556807,"version":1,"why":"gm's own shared default config repo at https://github.com/AnEntrypoint/gm-config (no project or user config.source.json configured)"}
evt: {"event":"config_resolved","pinned_sha":"993d816b191e551b95f98bf6d1e643587b1a2edc","tier":"implicit_default_repo","ts":1789940556810,"version":1,"why":"gm's own shared default config repo at https://github.com/AnEntrypoint/gm-config (no project or user config.source.json configured)"}
evt: {"event":"dispatch.end","ms":197,"sess":"adv1","ts":1789940558344,"verb":"browser"}
evt: {"event":"config_resolved","pinned_sha":"993d816b191e551b95f98bf6d1e643587b1a2edc","sess":"chatqa1","tier":"implicit_default_repo","ts":1789940559761,"version":1,"why":"gm's own shared default config repo at https://github.com/AnEntrypoint/gm-config (no project or user config.source.json configured)"}
evt: {"event":"config_resolved","pinned_sha":"993d816b191e551b95f98bf6d1e643587b1a2edc","sess":"chatqa1","tier":"implicit_default_repo","ts":1789940559764,"version":1,"why":"gm's own shared default config repo at https://github.com/AnEntrypoint/gm-config (no project or user config.source.json configured)"}
evt: {"event":"dispatch.end","ms":167,"sess":"chatqa1","ts":1789940559925,"verb":"cdp"}
evt: {"event":"dispatch.end","ms":4271,"sess":"pflsdktest2","ts":1789940565913,"verb":"cdp"}
evt: {"event":"config_resolved","pinned_sha":"993d816b191e551b95f98bf6d1e643587b1a2edc","tier":"implicit_default_repo","ts":1789940565989,"version":1,"why":"gm's own shared default config repo at https://github.com/AnEntrypoint/gm-config (no project or user config.source.json configured)"}
evt: {"event":"config_resolved","pinned_sha":"993d816b191e551b95f98bf6d1e643587b1a2edc","tier":"implicit_default_repo","ts":1789940565997,"version":1,"why":"gm's own shared default config repo at https://github.com/AnEntrypoint/gm-config (no project or user config.source.json configured)"}
evt: {"event":"dispatch.end","ms":4167,"sess":"chatqa1","ts":1789940571611,"verb":"cdp"}
evt: {"event":"config_resolved","pinned_sha":"993d816b191e551b95f98bf6d1e643587b1a2edc","tier":"implicit_default_repo","ts":1789940571945,"version":1,"why":"gm's own shared default config repo at https://github.com/AnEntrypoint/gm-config (no project or user config.source.json configured)"}
evt: {"event":"config_resolved","pinned_sha":"993d816b191e551b95f98bf6d1e643587b1a2edc","tier":"implicit_default_repo","ts":1789940571952,"version":1,"why":"gm's own shared default config repo at https://github.com/AnEntrypoint/gm-config (no project or user config.source.json configured)"}
evt: {"event":"dispatch.end","ms":512,"sess":"adv1","ts":1789940572744,"verb":"browser"}
evt: {"event":"config_resolved","pinned_sha":"993d816b191e551b95f98bf6d1e643587b1a2edc","sess":"pflsdktest3","tier":"implicit_default_repo","ts":1789940575110,"version":1,"why":"gm's own shared default config repo at https://github.com/AnEntrypoint/gm-config (no project or user config.source.json configured)"}
evt: {"event":"config_resolved","pinned_sha":"993d816b191e551b95f98bf6d1e643587b1a2edc","sess":"pflsdktest3","tier":"implicit_default_repo","ts":1789940575113,"version":1,"why":"gm's own shared default config repo at https://github.com/AnEntrypoint/gm-config (no project or user config.source.json configured)"}
evt: {"event":"dispatch.end","ms":4849,"sess":"pflsdktest3","ts":1789940579957,"verb":"cdp"}
evt: {"event":"config_resolved","pinned_sha":"993d816b191e551b95f98bf6d1e643587b1a2edc","tier":"implicit_default_repo","ts":1789940579991,"version":1,"why":"gm's own shared default config repo at https://github.com/AnEntrypoint/gm-config (no project or user config.source.json configured)"}
evt: {"event":"config_resolved","pinned_sha":"993d816b191e551b95f98bf6d1e643587b1a2edc","tier":"implicit_default_repo","ts":1789940579995,"version":1,"why":"gm's own shared default config repo at https://github.com/AnEntrypoint/gm-config (no project or user config.source.json configured)"}
evt: {"event":"config_resolved","pinned_sha":"993d816b191e551b95f98bf6d1e643587b1a2edc","sess":"adv1","tier":"implicit_default_repo","ts":1789940582095,"version":1,"why":"gm's own shared default config repo at https://github.com/AnEntrypoint/gm-config (no project or user config.source.json configured)"}
evt: {"event":"config_resolved","pinned_sha":"993d816b191e551b95f98bf6d1e643587b1a2edc","sess":"adv1","tier":"implicit_default_repo","ts":1789940582098,"version":1,"why":"gm's own shared default config repo at https://github.com/AnEntrypoint/gm-config (no project or user config.source.json configured)"}
evt: {"event":"dispatch.end","ms":1475,"sess":"adv1","ts":1789940583567,"verb":"browser"}
evt: {"event":"dispatch.end","ms":4873,"sess":"pflsdktest4","ts":1789940588911,"verb":"cdp"}
evt: {"event":"config_resolved","pinned_sha":"993d816b191e551b95f98bf6d1e643587b1a2edc","tier":"implicit_default_repo","ts":1789940588933,"version":1,"why":"gm's own shared default config repo at https://github.com/AnEntrypoint/gm-config (no project or user config.source.json configured)"}
evt: {"event":"config_resolved","pinned_sha":"993d816b191e551b95f98bf6d1e643587b1a2edc","tier":"implicit_default_repo","ts":1789940588936,"version":1,"why":"gm's own shared default config repo at https://github.com/AnEntrypoint/gm-config (no project or user config.source.json configured)"}
evt: {"event":"dispatch.end","ms":11,"ts":1789940589037,"verb":"git_status"}
evt: {"event":"dispatch.end","ms":7904,"sess":"zellous-audit-1789939343-mobile3","ts":1789940596983,"verb":"cdp"}
evt: {"event":"config_resolved","pinned_sha":"993d816b191e551b95f98bf6d1e643587b1a2edc","tier":"implicit_default_repo","ts":1789940597034,"version":1,"why":"gm's own shared default config repo at https://github.com/AnEntrypoint/gm-config (no project or user config.source.json configured)"}
evt: {"event":"config_resolved","pinned_sha":"993d816b191e551b95f98bf6d1e643587b1a2edc","tier":"implicit_default_repo","ts":1789940597037,"version":1,"why":"gm's own shared default config repo at https://github.com/AnEntrypoint/gm-config (no project or user config.source.json configured)"}
evt: {"event":"dispatch.end","ms":11903,"sess":"chatqa1","ts":1789940609042,"verb":"cdp"}
evt: {"event":"config_resolved","pinned_sha":"993d816b191e551b95f98bf6d1e643587b1a2edc","tier":"implicit_default_repo","ts":1789940609059,"version":1,"why":"gm's own shared default config repo at https://github.com/AnEntrypoint/gm-config (no project or user config.source.json configured)"}
evt: {"event":"config_resolved","pinned_sha":"993d816b191e551b95f98bf6d1e643587b1a2edc","tier":"implicit_default_repo","ts":1789940609061,"version":1,"why":"gm's own shared default config repo at https://github.com/AnEntrypoint/gm-config (no project or user config.source.json configured)"}
evt: {"event":"dispatch.end","ms":4373,"sess":"pflsdktest5","ts":1789940613539,"verb":"cdp"}
evt: {"event":"config_resolved","pinned_sha":"993d816b191e551b95f98bf6d1e643587b1a2edc","tier":"implicit_default_repo","ts":1789940613573,"version":1,"why":"gm's own shared default config repo at https://github.com/AnEntrypoint/gm-config (no project or user config.source.json configured)"}
evt: {"event":"config_resolved","pinned_sha":"993d816b191e551b95f98bf6d1e643587b1a2edc","tier":"implicit_default_repo","ts":1789940613576,"version":1,"why":"gm's own shared default config repo at https://github.com/AnEntrypoint/gm-config (no project or user config.source.json configured)"}
evt: {"event":"dispatch.end","ms":209,"sess":"adv1","ts":1789940613858,"verb":"browser"}
evt: {"event":"git.commit","repo":null,"sha":"9fa39962ab","sha_full":"9fa39962ab8440b5840f0f04ef46471792819e8f","sub":"git","summary":"fix(a11y): visible focus ring on modal-input; dialog semantics + focus-trap/Escape/restore on auth modal","ts":1789940614071}
evt: {"event":"liqology_record_skipped","reason":"unknown_plugin","sha_full":"9fa39962ab8440b5840f0f04ef46471792819e8f","ts":1789940614073}
evt: {"event":"config_resolved","pinned_sha":"993d816b191e551b95f98bf6d1e643587b1a2edc","tier":"implicit_default_repo","ts":1789940617341,"version":1,"why":"gm's own shared default config repo at https://github.com/AnEntrypoint/gm-config (no project or user config.source.json configured)"}
evt: {"event":"config_resolved","pinned_sha":"993d816b191e551b95f98bf6d1e643587b1a2edc","tier":"implicit_default_repo","ts":1789940617344,"version":1,"why":"gm's own shared default config repo at https://github.com/AnEntrypoint/gm-config (no project or user config.source.json configured)"}
evt: {"detail":"main","event":"deviation.push-rebase-conflict","kind":"push-rebase-conflict","severity":"log","source":"rs-plugkit/git_push","sub":"hook","ts":1789940617345}
evt: {"event":"dispatch.end","ms":3438,"ts":1789940617345,"verb":"git_finalize"}
evt: {"event":"dispatch.end","ms":284,"sess":"chatqa1","ts":1789940617657,"verb":"cdp"}
evt: {"event":"config_resolved","pinned_sha":"993d816b191e551b95f98bf6d1e643587b1a2edc","sess":"adv1","tier":"implicit_default_repo","ts":1789940621629,"version":1,"why":"gm's own shared default config repo at https://github.com/AnEntrypoint/gm-config (no project or user config.source.json configured)"}
evt: {"event":"config_resolved","pinned_sha":"993d816b191e551b95f98bf6d1e643587b1a2edc","sess":"adv1","tier":"implicit_default_repo","ts":1789940621631,"version":1,"why":"gm's own shared default config repo at https://github.com/AnEntrypoint/gm-config (no project or user config.source.json configured)"}
evt: {"event":"dispatch.end","ms":286,"sess":"adv1","ts":1789940621912,"verb":"browser"}
evt: {"event":"config_resolved","pinned_sha":"993d816b191e551b95f98bf6d1e643587b1a2edc","sess":"pflsdktest6","tier":"implicit_default_repo","ts":1789940624954,"version":1,"why":"gm's own shared default config repo at https://github.com/AnEntrypoint/gm-config (no project or user config.source.json configured)"}
evt: {"event":"config_resolved","pinned_sha":"993d816b191e551b95f98bf6d1e643587b1a2edc","sess":"pflsdktest6","tier":"implicit_default_repo","ts":1789940624957,"version":1,"why":"gm's own shared default config repo at https://github.com/AnEntrypoint/gm-config (no project or user config.source.json configured)"}
evt: {"event":"dispatch.end","ms":7217,"sess":"pflsdktest6","ts":1789940632168,"verb":"cdp"}
evt: {"event":"config_resolved","pinned_sha":"993d816b191e551b95f98bf6d1e643587b1a2edc","tier":"implicit_default_repo","ts":1789940633583,"version":1,"why":"gm's own shared default config repo at https://github.com/AnEntrypoint/gm-config (no project or user config.source.json configured)"}
evt: {"event":"config_resolved","pinned_sha":"993d816b191e551b95f98bf6d1e643587b1a2edc","tier":"implicit_default_repo","ts":1789940633588,"version":1,"why":"gm's own shared default config repo at https://github.com/AnEntrypoint/gm-config (no project or user config.source.json configured)"}
evt: {"branch":"main","event":"git_push_explicit_ref","repo":null,"source_ref":"HEAD","source_sha":"9fa39962ab8440b5840f0f04ef46471792819e8f","ts":1789940634351}
evt: {"event":"config_resolved","pinned_sha":"993d816b191e551b95f98bf6d1e643587b1a2edc","tier":"implicit_default_repo","ts":1789940636664,"version":1,"why":"gm's own shared default config repo at https://github.com/AnEntrypoint/gm-config (no project or user config.source.json configured)"}
evt: {"event":"config_resolved","pinned_sha":"993d816b191e551b95f98bf6d1e643587b1a2edc","tier":"implicit_default_repo","ts":1789940636666,"version":1,"why":"gm's own shared default config repo at https://github.com/AnEntrypoint/gm-config (no project or user config.source.json configured)"}
evt: {"detail":"main","event":"deviation.push-explicit-ref-remote-moved","kind":"push-explicit-ref-remote-moved","severity":"log","source":"rs-plugkit/git_push","sub":"hook","ts":1789940636667,"unregistered_kind":true}
evt: {"event":"dispatch.end","ms":2383,"ts":1789940636667,"verb":"git_push"}
evt: {"event":"dispatch.end","ms":5466,"sess":"chatqa1","ts":1789940642159,"verb":"cdp"}
evt: {"event":"config_resolved","pinned_sha":"993d816b191e551b95f98bf6d1e643587b1a2edc","tier":"implicit_default_repo","ts":1789940642231,"version":1,"why":"gm's own shared default config repo at https://github.com/AnEntrypoint/gm-config (no project or user config.source.json configured)"}
evt: {"event":"config_resolved","pinned_sha":"993d816b191e551b95f98bf6d1e643587b1a2edc","tier":"implicit_default_repo","ts":1789940642234,"version":1,"why":"gm's own shared default config repo at https://github.com/AnEntrypoint/gm-config (no project or user config.source.json configured)"}
evt: {"event":"dispatch.end","ms":2612,"sess":"pflx1","ts":1789940645331,"verb":"cdp"}
evt: {"event":"config_resolved","pinned_sha":"993d816b191e551b95f98bf6d1e643587b1a2edc","tier":"implicit_default_repo","ts":1789940645348,"version":1,"why":"gm's own shared default config repo at https://github.com/AnEntrypoint/gm-config (no project or user config.source.json configured)"}
evt: {"event":"config_resolved","pinned_sha":"993d816b191e551b95f98bf6d1e643587b1a2edc","tier":"implicit_default_repo","ts":1789940645350,"version":1,"why":"gm's own shared default config repo at https://github.com/AnEntrypoint/gm-config (no project or user config.source.json configured)"}
evt: {"event":"dispatch.end","ms":13753,"sess":"zellous-audit-1789939343-mobile4","ts":1789940659140,"verb":"cdp"}
evt: {"event":"config_resolved","pinned_sha":"993d816b191e551b95f98bf6d1e643587b1a2edc","tier":"implicit_default_repo","ts":1789940659213,"version":1,"why":"gm's own shared default config repo at https://github.com/AnEntrypoint/gm-config (no project or user config.source.json configured)"}
evt: {"event":"config_resolved","pinned_sha":"993d816b191e551b95f98bf6d1e643587b1a2edc","tier":"implicit_default_repo","ts":1789940659216,"version":1,"why":"gm's own shared default config repo at https://github.com/AnEntrypoint/gm-config (no project or user config.source.json configured)"}
evt: {"already_identical":false,"event":"prd.added","id":"pages-forum-metadata-wiring-verified","rescoped":false,"ts":1789940659403}
evt: {"event":"dispatch.end","ms":13,"ts":1789940659403,"verb":"prd-add"}
evt: {"already_identical":false,"event":"prd.added","id":"landing-wireweave-npm-link-stale","rescoped":false,"ts":1789940659456}
evt: {"event":"dispatch.end","ms":8,"ts":1789940659456,"verb":"prd-add"}
evt: {"already_identical":false,"event":"prd.added","id":"forum-reply-composer-missing","rescoped":false,"ts":1789940659517}
evt: {"event":"dispatch.end","ms":11,"ts":1789940659518,"verb":"prd-add"}
evt: {"already_identical":false,"event":"prd.added","id":"landing-footer-attribution-checked","rescoped":false,"ts":1789940659580}
evt: {"event":"dispatch.end","ms":13,"ts":1789940659580,"verb":"prd-add"}
evt: {"event":"dispatch.end","ms":852,"sess":"chatqa1","ts":1789940660475,"verb":"cdp"}
evt: {"event":"dispatch.end","ms":531,"sess":"adv1","ts":1789940661218,"verb":"browser"}
evt: {"event":"config_resolved","pinned_sha":"993d816b191e551b95f98bf6d1e643587b1a2edc","tier":"implicit_default_repo","ts":1789940661709,"version":1,"why":"gm's own shared default config repo at https://github.com/AnEntrypoint/gm-config (no project or user config.source.json configured)"}
evt: {"event":"config_resolved","pinned_sha":"993d816b191e551b95f98bf6d1e643587b1a2edc","tier":"implicit_default_repo","ts":1789940661717,"version":1,"why":"gm's own shared default config repo at https://github.com/AnEntrypoint/gm-config (no project or user config.source.json configured)"}
evt: {"event":"config_resolved","pinned_sha":"993d816b191e551b95f98bf6d1e643587b1a2edc","tier":"implicit_default_repo","ts":1789940671081,"version":1,"why":"gm's own shared default config repo at https://github.com/AnEntrypoint/gm-config (no project or user config.source.json configured)"}
evt: {"event":"config_resolved","pinned_sha":"993d816b191e551b95f98bf6d1e643587b1a2edc","tier":"implicit_default_repo","ts":1789940671084,"version":1,"why":"gm's own shared default config repo at https://github.com/AnEntrypoint/gm-config (no project or user config.source.json configured)"}
